FECHA;BCOLO CB Equity;ELCONDOR CB Equity;CONCONC CB Equity;PFBCOLO CB Equity;GRUPOSUR CB Equity;PFGRUPSU CB Equity;ISA CB Equity;EXITO CB Equity;NUTRESA CB Equity;GRUPOARG CB Equity;CEMARGOS CB Equity;PFGRUPOA CB Equity;PFCEMARG CB Equity;ETB CB Equity;PFAVH CB Equity;CELSIA CB Equity;BVC CB Equity;ECOPETL CB Equity;BOGOTA CB Equity;GEB CB Equity;PFDAVVND CB Equity;CORFICOL CB Equity;PFAVAL CB Equity;PFCORCOL CB Equity;PFCARPAK CB Equity;MINEROS CB Equity;CNEC CB Equity;FABRI CB Equity;AVAL CB Equity;ENKA CB Equity;VALSIME CB Equity;CLH CB Equity
3/05/2021;27400,00;930,00;373,00;27500,00;18040,00;16300,00;20500,00;11700,00;20600,00;9930,00;5010,00;8050,00;3790,00;210,00;128,80;4150,00;11690,00;2219,00;77900,00;2510,00;28500,00;31650,00;1065,00;26840,00;5326,13;4150,00;10650,00;4,50;1160,00;14,90;4761,11;3830,00
4/05/2021;27100,00;940,00;350,00;27500,00;18220,00;16700,00;20400,00;11480,00;21100,00;10020,00;5110,00;8200,00;3790,00;210,00;132,00;4197,00;11550,00;2225,00;77010,00;2509,00;28190,00;31800,00;1030,00;26430,00;5326,13;4144,00;10690,00;4,15;1160,00;14,95;4761,11;3830,00
5/05/2021;27660,00;940,00;379,00;28000,00;19100,00;16900,00;20900,00;11420,00;21300,00;10190,00;5260,00;8200,00;3825,00;210,00;134,00;4212,00;11500,00;2288,00;76110,00;2523,00;28780,00;32660,00;1056,00;26430,00;5326,13;4140,00;10690,00;4,15;1160,00;14,72;4761,11;3830,00
6/05/2021;28520,00;890,00;379,00;28680,00;19900,00;17200,00;21160,00;11060,00;21740,00;10600,00;5350,00;8700,00;3869,00;210,00;134,00;4394,00;11500,00;2291,00;76000,00;2604,00;30190,00;32800,00;1079,00;27140,00;5326,13;4249,00;10900,00;4,39;1160,00;14,65;4761,11;3890,00
7/05/2021;28940,00;890,00;390,00;28930,00;20700,00;17850,00;21240,00;12580,00;22500,00;11300,00;5500,00;9095,00;3969,00;212,00;128,00;4360,00;11520,00;2288,00;75000,00;2583,00;30780,00;32970,00;1090,00;26980,00;5326,13;4269,00;10600,00;4,24;1160,00;14,97;4761,11;3760,00
10/05/2021;29520,00;950,00;388,00;29870,00;21000,00;18320,00;22340,00;13100,00;22830,00;11800,00;5500,00;9200,00;4000,00;218,00;128,00;4410,00;11500,00;2357,00;75000,00;2590,00;31780,00;33080,00;1120,00;27000,00;5326,13;4324,00;10580,00;4,24;1160,00;14,97;4761,11;3820,00
11/05/2021;28940,00;951,00;388,00;28830,00;21100,00;18300,00;22000,00;12580,00;22680,00;11400,00;5420,00;9185,00;3998,00;211,90;128,00;4489,00;11500,00;2315,00;74500,00;2592,00;31150,00;31450,00;1109,00;25500,00;5326,13;4249,00;10540,00;4,24;1160,00;14,97;4761,11;3820,00
12/05/2021;28660,00;980,00;409,90;28620,00;20410,00;18020,00;21710,00;12490,00;22400,00;11160,00;5455,00;9030,00;4070,00;211,90;128,00;4350,00;11500,00;2370,00;74980,00;2607,00;30830,00;31090,00;1100,00;25100,00;5326,13;4300,00;10580,00;4,24;1160,00;14,97;4761,11;3805,00
13/05/2021;27910,00;985,00;410,00;28100,00;19600,00;17840,00;20630,00;12520,00;22260,00;11050,00;5345,00;9030,00;3950,00;215,00;128,00;4404,00;11500,00;2301,00;74650,00;2610,00;30800,00;31000,00;1102,00;25070,00;5326,13;4275,00;10400,00;4,24;1160,00;15,01;4761,11;3805,00
14/05/2021;28960,00;1000,00;414,90;29300,00;19780,00;18000,00;21500,00;12300,00;22700,00;11280,00;5405,00;8920,00;3922,00;214,90;128,00;4400,00;11700,00;2387,00;74500,00;2640,00;31200,00;30700,00;1115,00;25600,00;5326,13;4315,00;10130,00;4,24;1110,00;16,11;4761,11;3860,00
17/05/2021;28960,00;1000,00;414,90;29300,00;19780,00;18000,00;21500,00;12300,00;22700,00;11280,00;5405,00;8920,00;3922,00;214,90;128,00;4400,00;11700,00;2387,00;74500,00;2640,00;31200,00;30700,00;1115,00;25600,00;5326,13;4315,00;10130,00;4,24;1110,00;16,11;4761,11;3860,00
18/05/2021;28400,00;1000,00;395,00;28400,00;19610,00;17700,00;20820,00;12300,00;22400,00;11000,00;5390,00;8920,00;3922,00;214,90;128,00;4370,00;11750,00;2355,00;74300,00;2620,00;30100,00;30600,00;1100,00;25600,00;5326,13;4280,00;9940,00;4,93;1110,00;15,71;4761,11;3750,00
19/05/2021;28250,00;1000,00;394,50;28280,00;19500,00;17820,00;21100,00;11860,00;22260,00;10700,00;5350,00;8980,00;3984,00;214,90;128,00;4450,00;11720,00;2347,00;73660,00;2623,00;29980,00;30270,00;1089,00;25500,00;5326,13;4280,00;10160,00;4,80;1030,00;15,71;4761,11;3765,00
20/05/2021;27880,00;1000,00;380,00;28120,00;19980,00;17700,00;21000,00;11850,00;22400,00;10980,00;5330,00;8600,00;3852,00;209,90;128,00;4360,00;11600,00;2314,00;72500,00;2520,00;29990,00;29500,00;1090,00;25500,00;5326,13;4280,00;9990,00;4,80;1030,00;15,71;4761,11;3760,00
21/05/2021;27710,00;1000,00;380,00;27700,00;19830,00;17730,00;20990,00;11850,00;21780,00;10780,00;5215,00;8620,00;3834,00;209,90;128,00;4363,00;11690,00;2285,00;70400,00;2504,00;30090,00;29460,00;1105,00;25500,00;5326,13;4200,00;10100,00;5,09;1035,00;15,60;4761,11;3750,00
24/05/2021;27400,00;1000,00;380,00;27600,00;19100,00;17340,00;20660,00;11790,00;21400,00;10380,00;5095,00;8620,00;3742,00;202,00;136,00;4230,00;11650,00;2294,00;68500,00;2470,00;29770,00;29100,00;1088,00;24600,00;5326,13;4200,00;10160,00;5,09;1080,00;15,27;4761,11;3700,00
25/05/2021;27490,00;1000,00;385,00;27300,00;19010,00;17040,00;20200,00;11500,00;20900,00;9915,00;5040,00;8280,00;3660,00;200,00;136,00;4180,00;11650,00;2235,00;68480,00;2341,00;29630,00;28100,00;1080,00;24600,00;5326,13;4200,00;10100,00;5,09;1080,00;15,02;4626,32;3700,00
26/05/2021;27200,00;1000,00;385,00;27390,00;18700,00;16900,00;19600,00;11490,00;20880,00;9910,00;5090,00;8000,00;3659,00;200,00;136,00;4070,00;11630,00;2220,00;67000,00;2340,00;28600,00;27980,00;1051,00;24590,00;5326,13;4146,00;10140,00;5,09;1072,00;15,12;4626,32;3800,00
27/05/2021;27500,00;1000,00;370,00;28200,00;19150,00;16880,00;20500,00;11680,00;20500,00;9000,00;5000,00;7200,00;3294,00;208,00;150,00;3765,00;11500,00;2220,00;67500,00;2165,00;28100,00;28210,00;1053,00;24000,00;5326,13;3836,00;10280,00;5,09;1022,00;15,24;4626,32;3800,00
28/05/2021;27300,00;1000,00;375,00;27940,00;20350,00;17450,00;20650,00;12000,00;21020,00;10270,00;5080,00;7990,00;3560,00;208,00;150,00;4176,00;11490,00;2211,00;69760,00;2300,00;28900,00;28580,00;1066,00;23060,00;5326,13;3966,00;10060,00;5,09;1050,00;15,34;4626,32;3700,00
31/05/2021;27000,00;1000,00;380,00;27600,00;20020,00;17600,00;20020,00;12000,00;21600,00;10100,00;5070,00;8000,00;3691,00;208,00;150,00;4176,00;11400,00;2190,00;70000,00;2329,00;29000,00;28230,00;1078,00;23060,00;5326,13;4086,00;10270,00;5,09;1040,00;15,32;4626,32;3700,00
1/06/2021;27710,00;1000,00;390,00;28190,00;20300,00;18000,00;20510,00;12000,00;21960,00;10220,00;5100,00;8160,00;3691,00;210,90;150,00;4245,00;11500,00;2276,00;71340,00;2350,00;29700,00;28280,00;1075,00;23000,00;5326,13;4084,00;10060,00;5,09;1070,00;15,32;4626,32;3790,00
2/06/2021;27800,00;1000,00;390,00;28160,00;20300,00;17810,00;22670,00;11980,00;21600,00;10250,00;5280,00;8200,00;3757,00;213,00;150,00;4190,00;11420,00;2340,00;71860,00;2486,00;29370,00;28230,00;1095,00;22710,00;5326,13;4000,00;10190,00;5,09;1079,00;15,32;4626,32;3790,00
3/06/2021;28340,00;1000,00;400,00;28810,00;20180,00;17840,00;22700,00;12160,00;21800,00;10340,00;5260,00;8200,00;3700,00;213,00;150,00;4197,00;11420,00;2360,00;71400,00;2495,00;29990,00;28560,00;1109,00;22710,00;5326,13;4000,00;10200,00;5,09;1079,00;15,32;4626,32;3790,00
4/06/2021;27800,00;1000,00;400,00;28200,00;20050,00;17490,00;22700,00;12050,00;21690,00;10220,00;5185,00;8100,00;3700,00;213,00;170,00;4250,00;11410,00;2355,00;71190,00;2421,00;30390,00;28560,00;1090,00;22710,00;5326,13;4020,00;10100,00;5,09;1061,00;15,11;4626,32;3790,00
7/06/2021;27800,00;1000,00;400,00;28200,00;20050,00;17490,00;22700,00;12050,00;21690,00;10220,00;5185,00;8100,00;3700,00;213,00;170,00;4250,00;11410,00;2355,00;71190,00;2421,00;30390,00;28560,00;1090,00;22710,00;5326,13;4020,00;10100,00;5,09;1061,00;15,11;4626,32;3790,00
8/06/2021;28190,00;991,00;399,00;28300,00;20180,00;17640,00;23290,00;12050,00;22400,00;10320,00;5250,00;8160,00;3662,00;213,00;251,50;4299,00;11580,00;2396,00;71880,00;2433,00;30390,00;28500,00;1079,00;22980,00;5326,13;4025,00;10220,00;5,09;1061,00;15,11;4626,32;3790,00
9/06/2021;28340,00;988,00;400,00;28260,00;19880,00;17860,00;23360,00;11950,00;21820,00;10200,00;5210,00;8375,00;3658,00;212,80;295,00;4300,00;11440,00;2370,00;72000,00;2413,00;30800,00;29000,00;1066,00;23100,00;5326,13;4139,00;10220,00;4,90;1050,00;15,11;4626,32;3800,00
10/06/2021;28100,00;988,00;400,00;28300,00;19740,00;17920,00;23560,00;11950,00;22180,00;10380,00;5250,00;8375,00;3660,00;203,00;270,30;4303,00;11300,00;2385,00;72900,00;2400,00;31270,00;29570,00;1071,00;23500,00;5326,13;4154,00;10340,00;4,90;1050,00;15,11;4626,32;3800,00
11/06/2021;28320,00;988,00;412,00;28550,00;19740,00;17880,00;23300,00;11790,00;22400,00;10290,00;5155,00;8520,00;3660,00;206,00;270,30;4302,00;11400,00;2391,00;70520,00;2380,00;30800,00;30200,00;1083,00;24100,00;5326,13;4100,00;10450,00;5,07;1050,00;15,09;4626,32;3800,00
14/06/2021;28320,00;988,00;412,00;28550,00;19740,00;17880,00;23300,00;11790,00;22400,00;10290,00;5155,00;8520,00;3660,00;206,00;270,30;4302,00;11400,00;2391,00;70520,00;2380,00;30800,00;30200,00;1083,00;24100,00;5326,13;4100,00;10450,00;5,07;1050,00;15,09;4626,32;3800,00
15/06/2021;27700,00;937,20;412,00;27950,00;19300,00;17520,00;22960,00;12000,00;22490,00;10200,00;5170,00;8510,00;3688,00;205,00;283,07;4351,00;11320,00;2439,00;72000,00;2346,00;29630,00;30200,00;1090,00;24000,00;5326,13;4110,00;10530,00;5,00;1050,00;14,60;4626,32;3800,00
16/06/2021;27650,00;937,20;405,00;28140,00;19730,00;17500,00;22610,00;12000,00;22190,00;10100,00;5240,00;8250,00;3688,00;203,10;262,83;4350,00;11180,00;2409,00;71990,00;2395,00;29900,00;29700,00;1109,00;24000,00;5326,13;4085,00;10210,00;5,00;1061,00;14,60;4626,32;3800,00
17/06/2021;27500,00;937,20;405,00;27760,00;19790,00;17740,00;23000,00;11910,00;22600,00;10190,00;5230,00;8395,00;3601,00;203,10;260,77;4310,00;11200,00;2392,00;70370,00;2390,00;29470,00;29990,00;1098,00;23500,00;5326,13;3972,00;10040,00;5,00;1060,00;14,60;4626,32;3800,00
18/06/2021;27800,00;937,20;405,00;27790,00;20540,00;18190,00;23020,00;11900,00;22500,00;10500,00;5385,00;8520,00;3699,00;200,00;279,75;4246,00;11320,00;2397,00;70200,00;2439,00;28900,00;30000,00;1100,00;23500,00;5326,13;3980,00;10060,00;5,00;1050,00;14,60;4626,32;3800,00
21/06/2021;27490,00;937,20;405,00;27660,00;20000,00;17830,00;22400,00;11900,00;22460,00;10310,00;5270,00;8350,00;3844,00;201,00;270,85;4153,00;11390,00;2460,00;70980,00;2382,00;28450,00;29370,00;1087,00;23500,00;5326,13;3980,00;10040,00;4,51;1095,00;14,60;4626,32;3800,00
22/06/2021;27150,00;937,20;405,00;27200,00;19770,00;17460,00;22460,00;11900,00;22100,00;10310,00;5245,00;8550,00;3798,00;201,00;298,27;4080,00;11390,00;2481,00;70000,00;2440,00;28400,00;29130,00;1080,00;23500,00;5326,13;3990,00;10060,00;4,51;1095,00;14,60;4626,32;3800,00
23/06/2021;26890,00;923,80;400,00;27180,00;19230,00;17400,00;22200,00;11800,00;22500,00;10200,00;5265,00;8550,00;3798,00;201,00;297,65;4122,00;11240,00;2522,00;69500,00;2530,00;28750,00;28800,00;1096,00;23000,00;5326,13;4013,00;10390,00;4,51;1095,00;14,60;4626,32;3800,00
24/06/2021;27400,00;923,80;400,00;27800,00;19760,00;17700,00;22540,00;13000,00;22440,00;10560,00;5460,00;8570,00;3870,00;201,00;298,02;4210,00;11340,00;2750,00;70000,00;2499,00;29600,00;29580,00;1099,00;23300,00;5326,13;4050,00;10390,00;4,51;1100,00;14,60;4626,32;3700,00
25/06/2021;27680,00;923,80;400,00;27640,00;19800,00;17740,00;22460,00;14200,00;22400,00;10800,00;5470,00;8690,00;3900,00;209,20;298,09;4210,00;11320,00;2770,00;70490,00;2532,00;29470,00;29930,00;1119,00;23200,00;5326,13;4080,00;10400,00;4,51;1100,00;14,60;4626,32;3700,00
28/06/2021;27050,00;923,80;400,00;27030,00;19640,00;17680,00;22300,00;13990,00;22350,00;10770,00;5500,00;8700,00;3900,00;208,10;298,09;4200,00;11300,00;2718,00;70000,00;2542,00;29100,00;29630,00;1100,00;23200,00;5326,13;4054,00;10500,00;4,35;1100,00;14,60;4626,32;3700,00
29/06/2021;26360,00;940,00;380,00;26700,00;19000,00;17340,00;22200,00;13170,00;21710,00;10400,00;5400,00;8650,00;3850,00;208,10;288,75;4150,00;11300,00;2717,00;69940,00;2600,00;28160,00;29060,00;1089,00;23200,00;5326,13;4029,00;10340,00;4,27;1070,00;14,60;4626,32;3600,00
30/06/2021;26400,00;940,00;350,00;26820,00;18500,00;16520,00;22150,00;13600,00;21880,00;10000,00;5350,00;8020,00;3740,00;208,90;288,75;4250,00;11250,00;2722,00;69800,00;2571,00;27540,00;29200,00;1083,00;23300,00;5326,13;4029,00;10080,00;4,27;1139,00;14,60;4626,32;3600,00
1/07/2021;26080,00;940,00;350,00;26700,00;18300,00;16500,00;22620,00;13440,00;21800,00;10100,00;5460,00;8255,00;3869,00;208,90;285,37;4166,00;11300,00;2819,00;70500,00;2579,00;28010,00;29300,00;1095,00;23990,00;5326,13;4024,00;10150,00;4,27;1139,00;14,60;4626,32;3600,00
2/07/2021;27500,00;940,00;379,80;28000,00;18890,00;17000,00;23500,00;13290,00;22640,00;10500,00;5500,00;8300,00;3868,00;207,00;267,25;4170,00;11290,00;2851,00;70370,00;2541,00;28720,00;29730,00;1092,00;23500,00;5326,13;4024,00;10240,00;4,27;1030,00;14,60;4626,32;3700,00
5/07/2021;27500,00;940,00;379,80;28000,00;18890,00;17000,00;23500,00;13290,00;22640,00;10500,00;5500,00;8300,00;3868,00;207,00;267,25;4170,00;11290,00;2851,00;70370,00;2541,00;28720,00;29730,00;1092,00;23500,00;5326,13;4024,00;10240,00;4,27;1030,00;14,60;4626,32;3700,00
6/07/2021;27010,00;940,00;379,80;27400,00;18710,00;16810,00;23000,00;12700,00;22310,00;10590,00;5440,00;8495,00;3841,00;207,00;267,25;4190,00;11140,00;2789,00;69000,00;2507,00;28220,00;30000,00;1086,00;23940,00;5326,13;4050,00;10200,00;4,27;1030,00;14,60;4626,32;3500,00
7/07/2021;27600,00;940,00;379,80;28200,00;19300,00;17260,00;23200,00;12700,00;22200,00;10510,00;5540,00;8495,00;3901,00;207,00;267,25;4127,00;11140,00;2800,00;71000,00;2518,00;28640,00;29970,00;1095,00;23920,00;5326,13;4028,00;10240,00;4,27;1030,00;14,60;4626,32;3500,00
8/07/2021;27610,00;860,00;395,00;28310,00;19180,00;17110,00;23370,00;12500,00;22110,00;10500,00;5550,00;8435,00;3815,00;203,00;300,08;4179,00;11060,00;2753,00;70980,00;2514,00;29350,00;29980,00;1091,00;23000,00;5326,13;4005,00;10350,00;4,38;1030,00;14,60;4626,32;3500,00
9/07/2021;28100,00;900,00;395,00;28810,00;19510,00;17380,00;23350,00;12540,00;22130,00;10420,00;5620,00;8450,00;3900,00;200,00;300,08;4159,00;11140,00;2761,00;70960,00;2517,00;29550,00;29910,00;1100,00;23800,00;5326,13;4015,00;10300,00;4,38;1088,00;14,60;4626,32;3500,00
12/07/2021;28180,00;900,00;395,00;28800,00;19770,00;17400,00;23810,00;12500,00;21990,00;10550,00;5620,00;8400,00;3900,00;200,50;300,08;4202,00;11200,00;2750,00;71000,00;2519,00;29850,00;30450,00;1115,00;23990,00;5326,13;4015,00;10300,00;4,38;1090,00;14,60;4626,32;3500,00
13/07/2021;28070,00;900,00;390,00;28700,00;19640,00;17400,00;23800,00;12370,00;21860,00;10450,00;5620,00;8350,00;3900,00;200,50;300,00;4202,00;11270,00;2720,00;71490,00;2520,00;29900,00;30260,00;1115,00;23990,00;5326,13;3998,00;10300,00;4,38;1060,00;14,10;4626,32;3500,00
14/07/2021;28100,00;900,00;389,70;28610,00;19640,00;17300,00;23530,00;12320,00;21920,00;10520,00;5580,00;8310,00;3900,00;200,50;300,00;4200,00;11200,00;2650,00;71290,00;2515,00;29900,00;30060,00;1097,00;23990,00;5326,13;4020,00;10100,00;4,38;1060,00;14,10;4626,32;3500,00
15/07/2021;28000,00;920,00;382,00;28800,00;19440,00;17110,00;23000,00;12320,00;21960,00;10520,00;5600,00;8300,00;3900,00;200,00;296,62;4150,00;11150,00;2570,00;71290,00;2509,00;29760,00;30090,00;1080,00;23000,00;5326,13;4025,00;10010,00;4,38;1035,00;14,00;4626,32;3500,00
16/07/2021;27990,00;920,00;381,00;28770,00;19200,00;17180,00;23190,00;12320,00;21960,00;10500,00;5585,00;8430,00;3900,00;196,10;296,62;4149,00;11140,00;2560,00;71260,00;2504,00;29540,00;29990,00;1085,00;23050,00;5326,13;4019,00;9850,00;4,38;1035,00;14,00;4626,32;3500,00
19/07/2021;27200,00;849,10;370,00;28000,00;18560,00;16800,00;22300,00;12270,00;21680,00;10300,00;5535,00;8440,00;3890,00;196,10;296,62;4050,00;11100,00;2448,00;69990,00;2450,00;29000,00;29030,00;1060,00;23000,00;5326,13;3900,00;9660,00;4,47;1020,00;14,00;4626,32;3500,00
20/07/2021;27200,00;849,10;370,00;28000,00;18560,00;16800,00;22300,00;12270,00;21680,00;10300,00;5535,00;8440,00;3890,00;196,10;296,62;4050,00;11100,00;2448,00;69990,00;2450,00;29000,00;29030,00;1060,00;23000,00;5326,13;3900,00;9660,00;4,47;1020,00;14,00;4626,32;3500,00
21/07/2021;27820,00;849,00;370,00;28310,00;18510,00;16700,00;22350,00;12170,00;21400,00;10400,00;5535,00;8100,00;3811,00;196,10;289,26;4076,00;11110,00;2535,00;69790,00;2510,00;29110,00;29020,00;1070,00;23000,00;5326,13;3999,00;9830,00;4,47;1020,00;14,13;4626,32;3615,00
21/07/2027;;;;;;;;;;;;;;;;;;;;;;;;;;;;;;;;
22/07/2021;28100,00;849,00;370,00;28270,00;18400,00;16720,00;22780,00;12180,00;20910,00;10420,00;5575,00;8100,00;3811,00;199,90;245,17;4078,00;11060,00;2550,00;70480,00;2480,00;29500,00;29670,00;1031,00;23000,00;5326,13;3872,00;9800,00;4,47;1020,00;14,13;4626,32;3600,00
23/07/2021;28270,00;849,00;370,00;28300,00;18480,00;16940,00;22600,00;12160,00;20800,00;10420,00;5695,00;8150,00;3899,00;199,90;265,70;4079,00;11060,00;2551,00;70470,00;2505,00;29030,00;29610,00;1045,00;22520,00;5326,13;3848,00;9900,00;4,41;1046,00;14,16;4626,32;3600,00
26/07/2021;28300,00;849,00;380,00;28300,00;18380,00;16900,00;22400,00;12540,00;20980,00;10450,00;5695,00;8025,00;3880,00;196,00;265,70;4097,00;11100,00;2597,00;69990,00;2490,00;28810,00;29480,00;1060,00;22600,00;5326,13;3848,00;10010,00;4,41;1031,00;14,15;4626,32;3600,00
27/07/2021;28020,00;849,00;380,00;28400,00;18000,00;16600,00;22010,00;12540,00;20860,00;10370,00;5660,00;8120,00;3811,00;196,00;249,99;4075,00;10950,00;2600,00;68000,00;2500,00;29040,00;29430,00;1033,00;23600,00;5326,13;3798,00;10030,00;4,41;1031,00;14,15;5708,25;3500,00
28/07/2021;27800,00;849,00;370,00;28020,00;17920,00;16340,00;22130,00;12500,00;20940,00;10090,00;5530,00;8000,00;3890,00;194,50;259,63;4050,00;11000,00;2611,00;68650,00;2500,00;28800,00;29420,00;1035,00;22570,00;5326,13;3730,00;9900,00;4,41;1030,00;14,15;5708,25;3500,00
29/07/2021;27720,00;849,00;365,00;27940,00;17840,00;16600,00;22300,00;12580,00;20570,00;9980,00;5550,00;7920,00;3848,00;194,90;248,67;4085,00;10800,00;2646,00;69870,00;2515,00;28790,00;29460,00;1045,00;22500,00;5326,13;3705,00;9890,00;4,41;1020,00;14,15;5708,25;3550,00
30/07/2021;27100,00;850,00;364,90;27800,00;17300,00;16280,00;21820,00;12860,00;20700,00;10090,00;5595,00;8050,00;3894,00;194,00;256,10;4042,00;10500,00;2633,00;68290,00;2529,00;28700,00;29280,00;1024,00;23200,00;5326,13;3695,00;9865,00;4,41;1020,00;14,00;5708,25;3650,00
2/08/2021;27700,00;850,00;364,90;27800,00;17770,00;16300,00;21980,00;12860,00;20450,00;9905,00;5465,00;8050,00;3850,00;194,00;256,10;4110,00;10480,00;2598,00;68000,00;2530,00;28500,00;28830,00;1025,00;23200,00;5326,13;3704,00;9820,00;4,23;1020,00;14,10;5708,25;3650,00
3/08/2021;27640,00;850,00;359,90;27700,00;18000,00;16380,00;21900,00;12580,00;20350,00;9905,00;5365,00;7915,00;3880,00;194,00;256,10;4082,00;10270,00;2620,00;69780,00;2530,00;28300,00;28500,00;1027,00;22340,00;5326,13;3709,00;9975,00;4,23;1020,00;14,00;5708,25;3681,00
4/08/2021;28190,00;850,00;350,00;28490,00;17960,00;16400,00;22000,00;12580,00;20560,00;9990,00;5360,00;7800,00;3800,00;197,00;253,50;4087,00;10110,00;2564,00;68600,00;2567,00;28870,00;28500,00;1025,00;22350,00;5326,13;3775,00;9720,00;4,23;1010,00;14,00;5708,25;3681,00
5/08/2021;27530,00;850,00;365,00;27400,00;17700,00;16390,00;22000,00;12580,00;20550,00;9940,00;5310,00;7795,00;3849,00;197,00;262,22;4080,00;10180,00;2527,00;69200,00;2584,00;28390,00;28550,00;1028,00;22330,00;5326,13;3755,00;9840,00;4,23;1010,00;14,00;5708,25;3681,00
6/08/2021;27250,00;880,00;365,00;27540,00;17700,00;16390,00;21600,00;12510,00;20700,00;9890,00;5380,00;7860,00;3800,00;197,00;256,96;4080,00;10200,00;2547,00;69360,00;2564,00;28420,00;28500,00;1029,00;22500,00;5326,13;3740,00;9895,00;4,99;1010,00;13,70;5708,25;3681,00
9/08/2021;27520,00;920,00;369,00;27970,00;17500,00;16100,00;21300,00;12510,00;20550,00;9950,00;5425,00;7860,00;3800,00;197,00;269,78;4060,00;10020,00;2590,00;68120,00;2549,00;28660,00;28490,00;1025,00;22500,00;5326,13;3740,00;9870,00;4,99;1010,00;14,00;5708,25;3681,00
10/08/2021;27800,00;920,00;382,00;28300,00;17530,00;16100,00;21330,00;12510,00;20990,00;10020,00;5550,00;7835,00;3930,00;197,00;272,18;4021,00;10070,00;2598,00;68190,00;2560,00;28800,00;28210,00;1025,00;22340,00;5326,13;3740,00;9895,00;6,00;1010,00;14,00;5708,25;3800,00
11/08/2021;27800,00;920,00;382,00;28300,00;17530,00;16100,00;21330,00;12510,00;20990,00;10020,00;5550,00;7835,00;3930,00;197,00;272,18;4021,00;10070,00;2598,00;68190,00;2560,00;28800,00;28210,00;1025,00;22340,00;5326,13;3740,00;9895,00;6,00;1010,00;14,00;5708,25;3800,00
12/08/2021;28990,00;909,00;371,00;29300,00;17700,00;16370,00;21800,00;12600,00;21250,00;10350,00;5625,00;8055,00;3950,00;193,90;280,00;4139,00;9770,00;2622,00;68200,00;2550,00;30000,00;28300,00;1035,00;22890,00;5300,00;3739,00;9500,00;7,00;1010,00;13,85;6100,00;3800,00
13/08/2021;29610,00;909,00;371,00;30050,00;18000,00;16500,00;21900,00;12600,00;21400,00;10220,00;5700,00;8050,00;3970,00;200,00;280,00;4100,00;9435,00;2586,00;69990,00;2568,00;31000,00;28280,00;1031,00;22890,00;5300,00;3739,00;9480,00;6,20;1010,00;14,20;6100,00;3800,00
16/08/2021;29610,00;909,00;371,00;30050,00;18000,00;16500,00;21900,00;12600,00;21400,00;10220,00;5700,00;8050,00;3970,00;200,00;280,00;4100,00;9435,00;2586,00;69990,00;2568,00;31000,00;28280,00;1031,00;22890,00;5300,00;3739,00;9480,00;6,20;1010,00;14,20;6100,00;3800,00
17/08/2021;30500,00;875,00;371,00;30800,00;18800,00;17300,00;23040,00;12600,00;21950,00;10650,00;5845,00;8280,00;4050,00;202,80;280,00;4198,00;9960,00;2580,00;70980,00;2625,00;31500,00;29000,00;1085,00;23380,00;5300,00;3715,00;9320,00;6,20;1050,00;15,60;6100,00;3800,00
18/08/2021;31380,00;870,00;372,00;31380,00;19580,00;17990,00;23270,00;12600,00;22980,00;11010,00;5840,00;8550,00;4165,00;196,50;282,90;4201,00;10410,00;2568,00;73290,00;2689,00;32690,00;29490,00;1100,00;23600,00;5326,13;3760,00;9165,00;6,20;1050,00;17,16;6317,13;3750,00
19/08/2021;31600,00;870,00;385,00;31650,00;19660,00;18140,00;23650,00;12600,00;22870,00;11080,00;5820,00;8650,00;4160,00;196,50;282,90;4170,00;10100,00;2520,00;72000,00;2700,00;32300,00;30000,00;1115,00;23700,00;5326,13;3840,00;9150,00;6,10;1060,00;17,14;6406,18;3750,00
20/08/2021;31270,00;890,00;385,00;31360,00;19500,00;18000,00;23450,00;12550,00;22900,00;11100,00;5820,00;8600,00;4120,00;196,50;240,11;4270,00;10200,00;2536,00;72480,00;2700,00;32480,00;29900,00;1119,00;23800,00;5326,13;3845,00;9240,00;6,10;1100,00;17,14;6406,18;3620,00
23/08/2021;31480,00;900,00;395,00;31520,00;19590,00;18200,00;23090,00;12630,00;22810,00;11030,00;5800,00;8610,00;4180,00;199,00;241,23;4320,00;10300,00;2644,00;72810,00;2700,00;33040,00;28600,00;1129,00;22990,00;5326,13;3850,00;9420,00;6,10;1110,00;17,14;6486,20;3600,00
24/08/2021;31400,00;900,00;393,00;31460,00;19450,00;17980,00;22590,00;12630,00;22650,00;11000,00;5790,00;8540,00;4160,00;199,60;219,05;4297,00;9940,00;2671,00;72800,00;2680,00;32680,00;28520,00;1122,00;22990,00;5326,13;3765,00;9315,00;6,10;1100,00;17,14;6486,20;3700,00
25/08/2021;31330,00;900,00;395,00;31400,00;19390,00;18120,00;22990,00;12630,00;22640,00;10940,00;5760,00;8490,00;4100,00;203,80;219,51;4370,00;9965,00;2676,00;73250,00;2664,00;32200,00;28750,00;1130,00;23000,00;5326,13;3690,00;9355,00;6,10;1100,00;17,14;6486,20;3700,00
26/08/2021;30800,00;900,00;395,00;30900,00;19380,00;17610,00;22900,00;12600,00;22300,00;10650,00;5785,00;8280,00;4083,00;203,50;219,51;4290,00;9940,00;2632,00;73270,00;2660,00;31330,00;28880,00;1118,00;23000,00;5326,13;3696,00;9380,00;6,10;1095,00;17,14;6486,20;3580,00
27/08/2021;31200,00;915,00;400,00;31300,00;19390,00;17800,00;22800,00;12490,00;22230,00;10890,00;5840,00;8275,00;4189,00;203,50;219,51;4250,00;9830,00;2660,00;72990,00;2695,00;32540,00;28660,00;1126,00;22390,00;5326,13;3725,00;9960,00;6,05;1095,00;15,70;6486,20;3599,00
30/08/2021;31330,00;915,00;400,00;31440,00;19330,00;17930,00;22700,00;12490,00;21880,00;10700,00;5880,00;8155,00;4195,00;203,50;211,47;4300,00;9720,00;2649,00;72000,00;2680,00;32480,00;28770,00;1119,00;22330,00;5326,13;3739,00;10000,00;6,05;1096,00;15,61;6486,20;3604,00
31/08/2021;31070,00;918,00;395,00;31400,00;19200,00;17850,00;22700,00;12440,00;21680,00;10940,00;5900,00;8020,00;4200,00;202,00;211,47;4310,00;9825,00;2643,00;70500,00;2695,00;32600,00;28560,00;1120,00;22210,00;5684,57;3745,00;9885,00;6,05;1096,00;17,00;6486,20;3610,00
1/09/2021;31300,00;904,00;395,00;31600,00;19780,00;18170,00;22530,00;12480,00;21840,00;11100,00;5825,00;8180,00;4200,00;202,00;163,04;4250,00;9825,00;2590,00;71500,00;2680,00;32590,00;28890,00;1120,00;22600,00;5684,57;3730,00;9900,00;6,05;1108,00;17,25;6486,20;3610,00
2/09/2021;31200,00;890,00;395,00;31260,00;20240,00;18210,00;22800,00;12480,00;21800,00;11300,00;5835,00;8250,00;4199,00;202,10;160,36;4338,00;9840,00;2670,00;71050,00;2700,00;32540,00;28860,00;1140,00;22800,00;5684,57;3730,00;10100,00;6,05;1108,00;18,20;6486,20;3580,00
3/09/2021;31400,00;871,00;395,00;31300,00;20260,00;18230,00;22600,00;12480,00;21780,00;11150,00;5800,00;8330,00;4199,00;202,10;124,88;4334,00;9790,00;2635,00;70110,00;2685,00;32590,00;28790,00;1135,00;22900,00;5684,57;3765,00;10100,00;6,03;1108,00;20,01;6486,20;3544,00
6/09/2021;31260,00;886,00;372,00;31370,00;20190,00;18270,00;22710,00;12480,00;21780,00;11180,00;5805,00;8330,00;4199,00;202,10;112,00;4247,00;9790,00;2634,00;70110,00;2700,00;32240,00;28840,00;1126,00;22500,00;5684,57;3775,00;10160,00;6,03;1108,00;20,00;6486,20;3555,00
7/09/2021;31000,00;886,00;370,30;31100,00;20160,00;18080,00;22660,00;12280,00;21500,00;11210,00;5835,00;8315,00;4199,00;200,00;78,22;4250,00;9520,00;2606,00;70400,00;2700,00;32500,00;28700,00;1126,00;22500,00;5684,57;3755,00;10100,00;6,03;1110,00;22,00;6486,20;3400,00
8/09/2021;31020,00;860,90;390,00;31450,00;20000,00;18080,00;22800,00;12100,00;21590,00;11080,00;5830,00;8150,00;4100,00;199,90;70,81;4226,00;9650,00;2593,00;70510,00;2700,00;32470,00;28680,00;1120,00;22750,00;5684,57;3770,00;10050,00;6,05;1100,00;23,00;6486,20;3520,00
9/09/2021;31390,00;870,00;380,00;31470,00;20000,00;17990,00;22850,00;12300,00;21680,00;11100,00;5815,00;8150,00;4153,00;199,90;99,89;4241,00;9650,00;2570,00;71180,00;2750,00;32700,00;28600,00;1114,00;22750,00;5684,57;3765,00;10000,00;6,05;1105,00;23,90;6486,20;3550,00
10/09/2021;31290,00;887,00;375,00;31350,00;20300,00;18000,00;22660,00;12300,00;21740,00;11100,00;5870,00;8135,00;4150,00;200,00;120,00;4203,00;9600,00;2553,00;71460,00;2753,00;32330,00;28740,00;1115,00;22750,00;5684,57;3725,00;9895,00;6,05;1105,00;23,90;6486,20;3550,00
13/09/2021;30800,00;887,00;375,00;30990,00;19780,00;17780,00;22500,00;12300,00;21340,00;10960,00;5890,00;8090,00;4090,00;200,00;98,91;4203,00;9555,00;2572,00;71480,00;2796,00;32000,00;28520,00;1115,00;22200,00;5684,57;3670,00;9990,00;6,05;1102,00;23,90;6486,20;3430,00
14/09/2021;31000,00;887,00;370,00;31070,00;19920,00;17700,00;22330,00;12300,00;21650,00;10690,00;5885,00;8080,00;4140,00;195,00;96,00;4150,00;9500,00;2550,00;72240,00;2774,00;31910,00;28530,00;1115,00;22300,00;5684,57;3690,00;10000,00;6,05;1102,00;23,90;6486,20;3570,00
15/09/2021;31200,00;883,00;365,00;31070,00;20270,00;18020,00;22710,00;12220,00;21550,00;10700,00;5900,00;8170,00;4140,00;195,00;69,97;4172,00;9455,00;2620,00;72000,00;2800,00;31920,00;28500,00;1114,00;22600,00;5684,57;3680,00;10100,00;6,05;1102,00;21,52;6486,20;3570,00
16/09/2021;31180,00;883,00;365,00;31030,00;20390,00;18200,00;22700,00;12000,00;21550,00;10750,00;5895,00;8265,00;4193,00;199,90;60,00;4175,00;9420,00;2615,00;74320,00;2770,00;32540,00;28670,00;1115,00;22660,00;5684,57;3597,00;10010,00;6,05;1102,00;21,52;6486,20;3570,00
17/09/2021;31300,00;883,00;365,00;31100,00;20440,00;18210,00;22990,00;11810,00;21510,00;10800,00;5925,00;8240,00;4189,00;199,90;56,00;4260,00;9400,00;2566,00;73300,00;2720,00;31620,00;29000,00;1130,00;22900,00;5684,57;3630,00;10030,00;6,05;1102,00;23,50;6486,20;3540,00
20/09/2021;30900,00;883,00;365,00;30960,00;20040,00;17900,00;22650,00;11850,00;21180,00;10700,00;5875,00;8100,00;4100,00;199,90;55,50;4150,00;9390,00;2520,00;72880,00;2720,00;31540,00;28870,00;1103,00;22510,00;5684,57;3622,00;9860,00;6,05;1110,00;23,90;6486,20;3549,00
21/09/2021;30570,00;883,00;354,10;30500,00;20290,00;17820,00;22400,00;11790,00;21450,00;10690,00;5775,00;8100,00;4100,00;194,00;63,82;4155,00;9300,00;2529,00;72880,00;2744,00;30700,00;28850,00;1089,00;22500,00;5684,57;3580,00;10190,00;6,05;1110,00;22,66;6486,20;3549,00
22/09/2021;30500,00;883,00;350,00;30620,00;20540,00;18090,00;22380,00;11790,00;21550,00;10770,00;5800,00;8170,00;4125,00;199,60;63,82;4180,00;9540,00;2570,00;73300,00;2770,00;30990,00;28780,00;1096,00;22820,00;5684,57;3600,00;10530,00;6,05;1110,00;22,66;6486,20;3570,00
23/09/2021;30640,00;880,00;345,00;30900,00;20120,00;17900,00;22200,00;11790,00;21450,00;10700,00;5790,00;8175,00;4071,00;198,80;58,53;4290,00;9700,00;2590,00;73300,00;2756,00;31700,00;28640,00;1101,00;22820,00;5684,57;3625,00;10680,00;6,05;1110,00;24,02;6486,20;3580,00
24/09/2021;30880,00;880,00;340,00;31040,00;20100,00;17700,00;22220,00;11790,00;21470,00;10580,00;5790,00;8165,00;4075,00;197,90;58,53;4190,00;9700,00;2550,00;73300,00;2760,00;31660,00;28500,00;1103,00;22620,00;5684,57;3677,00;10560,00;6,05;1110,00;24,02;6486,20;3500,00
27/09/2021;32370,00;880,00;338,00;32580,00;20550,00;18200,00;22600,00;11800,00;21540,00;10870,00;5860,00;8230,00;4070,00;197,80;58,53;4259,00;9610,00;2671,00;73300,00;2800,00;32720,00;28550,00;1120,00;22860,00;5684,57;3700,00;10700,00;6,05;1095,00;24,02;6486,20;3500,00
28/09/2021;32420,00;870,00;338,00;32550,00;20950,00;18270,00;22800,00;11800,00;21580,00;11100,00;5895,00;8300,00;4100,00;197,80;58,53;4240,00;9650,00;2699,00;73380,00;2810,00;32590,00;28600,00;1110,00;22920,00;5684,57;3760,00;10350,00;6,20;1095,00;24,20;6486,20;3500,00
29/09/2021;32680,00;880,00;335,00;33000,00;21480,00;18370,00;22990,00;11800,00;21640,00;11100,00;5940,00;8310,00;4092,00;197,80;63,11;4226,00;9750,00;2706,00;73000,00;2820,00;32810,00;28790,00;1117,00;22950,00;5684,57;3800,00;10230,00;6,20;1090,00;24,20;6486,20;3441,00
30/09/2021;32960,00;880,00;332,00;33000,00;21400,00;18420,00;22700,00;11650,00;21660,00;11160,00;5895,00;8300,00;4070,00;200,00;63,11;4229,00;9700,00;2734,00;72220,00;2816,00;33400,00;28800,00;1119,00;22910,00;5865,41;3770,00;10230,00;6,20;1090,00;23,55;6486,20;3500,00
1/10/2021;33000,00;887,00;344,00;33090,00;21700,00;18550,00;22790,00;11650,00;21620,00;11340,00;5930,00;8355,00;4120,00;200,00;60,16;4231,00;9700,00;2769,00;72970,00;2832,00;33400,00;29000,00;1124,00;23100,00;5865,41;3839,00;10430,00;6,27;1110,00;23,00;5855,25;3500,00
4/10/2021;33280,00;880,00;352,00;33200,00;21800,00;18650,00;23000,00;11500,00;21720,00;11490,00;5990,00;8460,00;4120,00;195,00;60,11;4257,00;9700,00;2825,00;72700,00;2856,00;33200,00;29000,00;1126,00;23510,00;5865,41;3940,00;10990,00;6,27;1110,00;22,90;5855,25;3500,00
5/10/2021;33100,00;892,00;365,00;33400,00;22320,00;18900,00;22710,00;11500,00;21710,00;11400,00;6045,00;8450,00;4150,00;195,00;60,11;4295,00;9780,00;2810,00;72100,00;2860,00;33230,00;29320,00;1130,00;23640,00;5865,41;3910,00;11500,00;6,26;1121,00;22,30;5855,25;3500,00
6/10/2021;33000,00;910,00;358,20;32840,00;22180,00;18800,00;22870,00;11500,00;21800,00;11400,00;6100,00;8450,00;4150,00;198,90;52,16;4270,00;9730,00;2810,00;73490,00;2882,00;33280,00;29200,00;1127,00;23640,00;5865,41;3900,00;11750,00;6,25;1100,00;21,50;5855,25;3598,00
7/10/2021;33480,00;932,90;371,00;33390,00;22070,00;19020,00;22620,00;11910,00;21890,00;11500,00;6250,00;8495,00;4265,00;198,90;52,16;4325,00;9880,00;2860,00;74300,00;2860,00;33570,00;29310,00;1138,00;24000,00;5865,41;3850,00;12040,00;6,25;1120,00;21,50;5855,25;3689,00
8/10/2021;33400,00;900,00;366,00;33390,00;22020,00;18950,00;22650,00;11930,00;22080,00;11660,00;6325,00;8740,00;4390,00;198,90;51,19;4338,00;9880,00;2908,00;73800,00;2885,00;33580,00;29400,00;1140,00;24000,00;5865,41;3870,00;12160,00;6,27;1123,00;21,51;5855,25;3685,00
11/10/2021;33330,00;917,90;365,20;33300,00;21970,00;18910,00;22820,00;11980,00;22070,00;11900,00;6380,00;8805,00;4385,00;198,00;51,19;4410,00;9900,00;2944,00;73700,00;2890,00;33770,00;29590,00;1136,00;24000,00;5865,41;3830,00;12240,00;6,27;1123,00;21,51;5855,25;3700,00
12/10/2021;32520,00;917,90;373,00;32600,00;21500,00;18560,00;22500,00;11940,00;21810,00;11750,00;6250,00;8635,00;4373,00;197,90;51,19;4380,00;9895,00;2904,00;73330,00;2899,00;33030,00;29410,00;1130,00;23900,00;5865,41;3816,00;12000,00;6,27;1123,00;21,51;5510,18;3835,00
13/10/2021;33180,00;900,00;330,00;33150,00;21580,00;18550,00;22430,00;11940,00;21920,00;11790,00;6370,00;8600,00;4340,00;194,00;51,19;4370,00;9890,00;2909,00;73330,00;2896,00;33500,00;29500,00;1132,00;23900,00;5865,41;3805,00;11950,00;6,27;1123,00;21,51;5510,18;3890,00
14/10/2021;34380,00;900,00;272,00;34200,00;22120,00;18800,00;22790,00;11800,00;22290,00;12070,00;6325,00;8600,00;4440,00;200,00;51,19;4380,00;10000,00;2918,00;73000,00;2927,00;34550,00;29590,00;1138,00;22600,00;5865,41;3811,00;12200,00;6,27;1129,00;22,45;5510,18;3886,00
15/10/2021;34560,00;899,00;295,70;34600,00;22650,00;19050,00;22750,00;11740,00;22300,00;12090,00;6400,00;8790,00;4465,00;199,80;51,19;4300,00;9815,00;2960,00;73990,00;2921,00;34500,00;29600,00;1155,00;22600,00;5865,41;3820,00;12040,00;6,27;1139,00;22,50;5510,18;3900,00
19/10/2021;34130,00;900,00;310,00;34200,00;22250,00;19020,00;22500,00;11780,00;22280,00;12070,00;6300,00;8770,00;4441,00;195,20;51,19;4300,00;10000,00;2953,00;74270,00;2929,00;34210,00;29560,00;1140,00;23550,00;5865,41;3850,00;11850,00;6,27;1132,00;22,50;5510,18;3617,00
20/10/2021;34230,00;901,50;306,00;34140,00;22500,00;18890,00;22690,00;11700,00;21980,00;11880,00;6250,00;8680,00;4344,00;198,00;67,94;4330,00;10000,00;2937,00;73790,00;2917,00;34030,00;29560,00;1145,00;23540,00;5865,41;3885,00;11920,00;6,27;1124,00;22,50;5510,18;3550,00
21/10/2021;34040,00;901,50;312,00;34120,00;22470,00;19020,00;22520,00;11590,00;22150,00;11850,00;6180,00;8680,00;4400,00;199,70;67,94;4329,00;10070,00;2910,00;73790,00;2905,00;34460,00;29490,00;1140,00;23540,00;5865,41;3885,00;11900,00;6,27;1124,00;22,50;5510,18;3560,00
22/10/2021;33460,00;901,50;305,00;33600,00;22280,00;18800,00;22500,00;11590,00;21900,00;11800,00;6200,00;8630,00;4400,00;198,90;84,02;4312,00;9930,00;2890,00;73490,00;2901,00;33880,00;29430,00;1140,00;23500,00;5865,41;3954,00;11890,00;6,27;1130,00;22,50;5510,18;3580,00
25/10/2021;34200,00;903,90;305,00;33840,00;22400,00;18800,00;22700,00;11510,00;21950,00;11920,00;6250,00;8680,00;4350,00;197,90;79,64;4274,00;9960,00;2890,00;73700,00;2788,00;33960,00;29320,00;1139,00;23420,00;5865,41;3964,00;11940,00;6,27;1130,00;24,00;5510,18;3580,00
26/10/2021;34500,00;903,90;300,00;34400,00;22250,00;18840,00;22800,00;11500,00;22100,00;12060,00;6280,00;8775,00;4399,00;197,90;74,01;4290,00;10050,00;2930,00;74010,00;2769,00;34350,00;29800,00;1155,00;23500,00;5865,41;4010,00;11940,00;6,39;1140,00;24,75;5510,18;3590,00
27/10/2021;34450,00;895,00;300,00;34310,00;22370,00;18720,00;22750,00;11500,00;21990,00;11750,00;6270,00;8750,00;4380,00;201,80;51,09;4299,00;10000,00;2867,00;74010,00;2740,00;34400,00;29650,00;1146,00;23750,00;5865,41;3995,00;11820,00;6,40;1135,00;24,75;5510,18;3581,00
28/10/2021;34490,00;895,00;300,00;34100,00;22150,00;18910,00;22730,00;11500,00;22200,00;11790,00;6320,00;8700,00;4400,00;201,80;51,09;4289,00;10050,00;2890,00;75990,00;2769,00;34550,00;29670,00;1154,00;23850,00;5865,41;4030,00;11860,00;6,46;1140,00;24,75;5510,18;3545,00
29/10/2021;33680,00;895,00;298,10;33800,00;21950,00;18890,00;22610,00;11700,00;22010,00;11800,00;6350,00;8600,00;4397,00;201,00;42,51;4284,00;9810,00;2847,00;75900,00;2720,00;33910,00;29670,00;1150,00;23700,00;6003,61;4025,00;11720,00;6,73;1136,00;24,75;5510,18;3500,00
2/11/2021;34000,00;898,90;300,00;34050,00;21790,00;18610,00;22730,00;11770,00;22000,00;11570,00;6310,00;8500,00;4320,00;201,00;42,51;4230,00;9820,00;2854,00;75000,00;2682,00;33800,00;29500,00;1140,00;23510,00;6003,61;4001,00;11430,00;6,81;1132,00;25,47;5510,18;3500,00
3/11/2021;34000,00;899,00;300,00;34390,00;22550,00;18900,00;22830,00;11500,00;22250,00;11600,00;6360,00;8505,00;4365,00;201,00;42,51;4280,00;9840,00;2890,00;74300,00;2740,00;33970,00;29990,00;1144,00;23300,00;6003,61;4000,00;11260,00;7,49;1132,00;25,47;5510,18;3500,00
4/11/2021;33400,00;899,00;285,10;33650,00;22210,00;18900,00;22800,00;11500,00;22180,00;11770,00;6415,00;8570,00;4388,00;201,00;42,51;4280,00;9820,00;2871,00;73510,00;2657,00;33980,00;29700,00;1138,00;23600,00;6003,61;4000,00;11500,00;8,19;1138,00;25,47;5510,18;3470,00
5/11/2021;33460,00;899,00;285,10;33400,00;22300,00;18810,00;22730,00;11500,00;22100,00;11800,00;6400,00;8570,00;4385,00;201,00;42,51;4265,00;9800,00;2877,00;73000,00;2650,00;33600,00;29640,00;1138,00;23610,00;6003,61;3995,00;11150,00;8,89;1138,00;25,40;5510,18;3490,00
6/11/2021;33460,00;899,00;285,10;33400,00;22300,00;18810,00;22730,00;11500,00;22100,00;11800,00;6400,00;8570,00;4385,00;201,00;42,51;4265,00;9800,00;2877,00;73000,00;2650,00;33600,00;29640,00;1138,00;23610,00;6003,61;3995,00;11150,00;8,89;1138,00;25,40;5510,18;3490,00
8/11/2021;33480,00;887,00;289,00;33520,00;21870,00;18770,00;22600,00;11690,00;22180,00;11880,00;6375,00;8650,00;4370,00;201,00;42,51;4300,00;9700,00;2923,00;73080,00;2696,00;33990,00;29600,00;1145,00;23800,00;6003,61;4060,00;11000,00;9,00;1127,00;25,40;5510,18;3470,00
9/11/2021;32880,00;887,00;289,00;33200,00;21400,00;18500,00;22600,00;11500,00;21900,00;11800,00;6280,00;8600,00;4330,00;201,00;42,51;4300,00;9870,00;2937,00;74460,00;2689,00;33550,00;29500,00;1128,00;23500,00;6003,61;3942,00;10800,00;8,91;1120,00;25,40;5510,18;3400,00
10/11/2021;32210,00;887,00;280,00;32700,00;21200,00;18300,00;22480,00;11540,00;21740,00;11580,00;6170,00;8355,00;4220,00;201,00;42,51;4255,00;9655,00;2880,00;74400,00;2663,00;33290,00;29380,00;1116,00;23110,00;6003,61;3928,00;10640,00;8,60;1115,00;23,50;5510,18;3380,00
11/11/2021;32200,00;889,70;280,00;32200,00;21600,00;18610,00;22550,00;11500,00;21740,00;11800,00;6255,00;8680,00;4300,00;199,00;42,51;4245,00;9650,00;2864,00;73000,00;2668,00;33000,00;29300,00;1119,00;23810,00;6003,61;3920,00;10370,00;8,39;1110,00;24,50;5510,18;3420,00
12/11/2021;32160,00;864,00;276,10;32100,00;21550,00;18440,00;22210,00;11600,00;21740,00;11600,00;6235,00;8640,00;4200,00;197,90;42,51;4250,00;9650,00;2840,00;73080,00;2661,00;32050,00;28900,00;1107,00;23800,00;6003,61;3741,00;10540,00;8,13;1110,00;24,50;5510,18;3420,00
15/11/2021;31100,00;860,00;270,00;31250,00;21550,00;18500,00;22050,00;11500,00;21740,00;11600,00;6180,00;8470,00;4130,00;197,90;42,51;4240,00;9650,00;2760,00;73500,00;2583,00;31400,00;28840,00;1075,00;23700,00;6003,61;3820,00;10560,00;8,10;1081,00;24,50;5510,18;3380,00
16/11/2021;31100,00;860,00;270,00;31250,00;21550,00;18500,00;22050,00;11500,00;21740,00;11600,00;6180,00;8470,00;4130,00;197,90;42,51;4240,00;9650,00;2760,00;73500,00;2583,00;31400,00;28840,00;1075,00;23700,00;6003,61;3820,00;10560,00;8,10;1081,00;24,50;5510,18;3380,00
17/11/2021;30600,00;860,00;260,00;30970,00;20950,00;18340,00;22500,00;11540,00;21740,00;11380,00;6100,00;8305,00;4200,00;197,90;42,51;4228,00;9410,00;2770,00;72500,00;2580,00;30900,00;29200,00;1110,00;23160,00;6003,61;3780,00;10700,00;7,71;1057,00;22,05;5510,18;3285,00
18/11/2021;30900,00;860,00;264,00;30900,00;21360,00;18400,00;22500,00;11500,00;21740,00;11500,00;6275,00;8440,00;4209,00;197,90;42,51;4259,00;9400,00;2759,00;72800,00;2710,00;30860,00;28900,00;1082,00;23120,00;6003,61;3780,00;10530,00;7,68;1057,00;22,05;5510,18;3280,00
19/11/2021;30000,00;860,00;264,00;30100,00;21440,00;18300,00;21900,00;11440,00;21740,00;11020,00;6100,00;8345,00;4120,00;197,90;42,51;4120,00;9300,00;2645,00;72010,00;2520,00;29700,00;28500,00;1051,00;23500,00;6003,61;3580,00;10140,00;7,57;1057,00;21,50;5510,18;3120,00
22/11/2021;30290,00;860,00;253,00;30200,00;21560,00;18400,00;21540,00;11500,00;26780,00;11190,00;6095,00;8300,00;4120,00;197,90;42,51;4100,00;9160,00;2620,00;72000,00;2501,00;30300,00;28900,00;1031,00;23300,00;6003,61;3570,00;10110,00;7,54;1057,00;21,50;5510,18;3080,00
23/11/2021;30300,00;860,00;250,00;30250,00;21600,00;18350,00;21500,00;11500,00;27000,00;11200,00;6150,00;8345,00;4189,00;194,10;42,50;4099,00;9000,00;2660,00;71100,00;2496,00;30990,00;28500,00;1030,00;23110,00;6003,61;3661,00;10080,00;7,48;1036,00;22,20;5510,18;3080,00
24/11/2021;30500,00;860,00;250,00;30600,00;22100,00;18600,00;21300,00;11490,00;27940,00;11700,00;6120,00;8510,00;4229,00;196,00;42,51;4110,00;9170,00;2684,00;71000,00;2555,00;30500,00;28500,00;1040,00;23120,00;6003,61;3720,00;10100,00;7,54;1036,00;22,20;5510,18;2920,00
25/11/2021;30550,00;860,00;260,00;30670,00;22600,00;19050,00;21300,00;11490,00;28240,00;12100,00;6140,00;8625,00;4219,00;192,10;42,51;4220,00;9555,00;2670,00;71990,00;2589,00;30800,00;28300,00;1046,00;23120,00;6003,61;3799,00;10250,00;7,69;1036,00;22,20;5510,18;2900,00
26/11/2021;30050,00;790,00;240,00;30300,00;23700,00;19400,00;20100,00;11410,00;28250,00;11900,00;6020,00;8620,00;4200,00;192,50;42,51;4150,00;9500,00;2536,00;71010,00;2620,00;30300,00;28300,00;1044,00;22550,00;6003,61;3699,00;9890,00;7,69;1019,00;22,20;5510,18;2800,00
29/11/2021;30400,00;800,00;250,00;30750,00;24400,00;19940,00;21000,00;11450,00;29400,00;12400,00;6010,00;8835,00;4200,00;195,00;42,51;4145,00;9500,00;2595,00;71010,00;2700,00;30300,00;28590,00;1055,00;23080,00;6003,61;3780,00;10290,00;7,53;1019,00;22,20;5510,18;2850,00
30/11/2021;32370,00;720,00;225,00;32400,00;25150,00;19920,00;22300,00;11420,00;29050,00;12600,00;6010,00;8815,00;4230,00;194,80;42,51;4051,00;9600,00;2600,00;70500,00;2634,00;31000,00;28780,00;1050,00;23520,00;5916,62;3690,00;9820,00;7,53;1120,00;22,20;5510,18;2565,00
1/12/2021;34500,00;770,00;225,00;34100,00;25150,00;24000,00;22180,00;11500,00;28700,00;15100,00;6290,00;9790,00;4200,00;192,00;42,51;4330,00;10000,00;2600,00;70000,00;2652,00;32400,00;28550,00;1050,00;23510,00;5916,62;3670,00;9780,00;7,70;1055,00;22,20;5510,18;2620,00
2/12/2021;35880,00;800,00;219,60;35000,00;25150,00;23780,00;22150,00;11400,00;28580,00;15720,00;6165,00;10280,00;4209,00;192,00;42,51;4362,00;10080,00;2659,00;70980,00;2700,00;32860,00;28600,00;1075,00;23500,00;5916,62;3651,00;9840,00;7,70;1044,00;22,20;5510,18;2600,00
3/12/2021;35000,00;806,80;220,00;34550,00;25150,00;23320,00;22000,00;11400,00;28500,00;15420,00;6370,00;10270,00;4167,00;190,10;42,51;4364,00;10080,00;2661,00;71020,00;2670,00;33000,00;28860,00;1077,00;23960,00;5916,62;3654,00;9705,00;7,70;1074,00;21,00;5510,18;2620,00
6/12/2021;34510,00;818,00;258,00;34000,00;25150,00;23260,00;22300,00;11390,00;28810,00;15200,00;6370,00;10000,00;4388,00;191,00;42,51;4315,00;9960,00;2688,00;70500,00;2666,00;32900,00;28790,00;1097,00;23460,00;5916,62;3650,00;9890,00;7,70;1051,00;21,00;5510,18;2601,00
7/12/2021;32300,00;795,00;301,60;32960,00;25150,00;23450,00;22140,00;11400,00;28550,00;14000,00;6345,00;10190,00;4400,00;192,00;42,51;4275,00;10000,00;2720,00;70020,00;2640,00;33090,00;28650,00;1076,00;23760,00;5916,62;3665,00;10220,00;7,70;1051,00;20,00;5510,18;2792,00
8/12/2021;32300,00;795,00;301,60;32960,00;25150,00;23450,00;22140,00;11400,00;28550,00;14000,00;6345,00;10190,00;4400,00;192,00;42,51;4275,00;10000,00;2720,00;70020,00;2640,00;33090,00;28650,00;1076,00;23760,00;5916,62;3665,00;10220,00;7,70;1051,00;20,00;5510,18;2792,00
9/12/2021;32600,00;790,00;300,00;32500,00;25150,00;23690,00;21820,00;11400,00;28050,00;13500,00;6400,00;10040,00;4399,00;191,00;42,51;4300,00;9900,00;2710,00;69330,00;2621,00;32740,00;28500,00;1061,00;23500,00;5916,62;3656,00;9920,00;7,70;1051,00;20,00;5510,18;2855,00
10/12/2021;32220,00;790,00;300,00;32200,00;25150,00;23490,00;21620,00;11400,00;27530,00;13900,00;6395,00;9820,00;4285,00;186,10;42,51;4275,00;9900,00;2707,00;69320,00;2580,00;31810,00;28500,00;1060,00;23500,00;5916,62;3660,00;9840,00;7,73;1060,00;20,00;5510,18;2855,00
13/12/2021;30900,00;790,00;300,00;30890,00;25150,00;23270,00;20500,00;11300,00;27360,00;13290,00;6200,00;9450,00;4186,00;186,50;42,51;4289,00;9820,00;2631,00;70130,00;2593,00;31000,00;27800,00;1047,00;23100,00;5916,62;3660,00;9730,00;7,96;1045,00;20,00;5510,18;2900,00
14/12/2021;31510,00;820,00;309,00;31040,00;25150,00;23230,00;20610,00;11490,00;28400,00;13350,00;6155,00;9350,00;4245,00;186,50;42,51;4250,00;9805,00;2613,00;69500,00;2560,00;31210,00;28100,00;1054,00;23000,00;5916,62;3650,00;9740,00;8,01;1040,00;20,20;5510,18;2900,00
15/12/2021;32590,00;820,00;300,00;31660,00;25150,00;23600,00;21260,00;11490,00;28300,00;13860,00;6275,00;9400,00;4200,00;185,00;42,51;4251,00;9895,00;2600,00;70000,00;2568,00;31400,00;28340,00;1050,00;23000,00;5916,62;3650,00;9860,00;8,01;1036,00;20,20;5510,18;2900,00
16/12/2021;34000,00;790,00;297,00;33100,00;25150,00;24200,00;21750,00;11350,00;28490,00;14270,00;6350,00;9875,00;4310,00;190,00;42,51;4328,00;9990,00;2643,00;71990,00;2595,00;32350,00;28650,00;1080,00;23480,00;5916,62;3679,00;9940,00;8,00;1050,00;20,20;5510,18;2720,00
17/12/2021;34160,00;799,90;295,00;32120,00;28890,00;23000,00;21700,00;11280,00;28390,00;13550,00;6255,00;9340,00;4222,00;190,00;42,51;4160,00;9800,00;2645,00;71970,00;2464,00;31100,00;28500,00;1040,00;23240,00;5916,62;3640,00;9660,00;7,98;1021,00;20,20;5510,18;2720,00
20/12/2021;33700,00;799,90;298,10;31570,00;28620,00;22600,00;21200,00;11550,00;28300,00;13370,00;6200,00;9015,00;4140,00;190,00;42,51;4247,00;9610,00;2581,00;71490,00;2495,00;32680,00;28860,00;1038,00;22980,00;5916,62;3600,00;9560,00;7,99;1030,00;20,20;5510,18;2695,00
21/12/2021;32500,00;799,90;295,00;31220,00;28720,00;22100,00;21520,00;11550,00;28090,00;13620,00;6265,00;9345,00;4150,00;190,00;42,51;4160,00;9355,00;2597,00;70010,00;2520,00;31480,00;28970,00;1054,00;23150,00;5916,62;3550,00;9845,00;7,99;1030,00;20,20;5510,18;2662,00
22/12/2021;33680,00;780,00;282,10;31400,00;28950,00;21700,00;22000,00;11500,00;28390,00;13530,00;6300,00;9210,00;4150,00;190,00;42,51;4190,00;9495,00;2651,00;71500,00;2530,00;32190,00;28980,00;1054,00;23150,00;5916,62;3575,00;10020,00;7,99;1029,00;20,40;5510,18;2740,00
23/12/2021;33000,00;789,00;282,10;31700,00;29150,00;22000,00;22100,00;11480,00;28400,00;13410,00;6385,00;9200,00;4194,00;190,00;42,51;4249,00;9600,00;2650,00;71900,00;2500,00;32300,00;28850,00;1054,00;23240,00;5916,62;3600,00;9980,00;7,99;1029,00;20,42;5510,18;2740,00
24/12/2021;33380,00;810,00;282,10;31900,00;29410,00;22300,00;22190,00;11340,00;28400,00;13640,00;6315,00;9200,00;4199,00;190,00;42,51;4249,00;9740,00;2647,00;71900,00;2511,00;32470,00;28650,00;1067,00;23240,00;5916,62;3600,00;10000,00;7,99;1029,00;20,42;5510,18;2740,00
27/12/2021;32960,00;810,00;286,00;31700,00;29540,00;22000,00;22310,00;11560,00;28320,00;13600,00;6260,00;9250,00;4170,00;190,00;42,51;4240,00;9740,00;2698,00;71000,00;2595,00;32000,00;28600,00;1057,00;23240,00;5916,62;3620,00;10020,00;7,99;1040,00;20,42;5510,18;2701,00
28/12/2021;33290,00;810,00;282,00;32070,00;29920,00;22160,00;22400,00;11490,00;28500,00;13500,00;6150,00;9250,00;4180,00;190,00;42,51;4200,00;9600,00;2695,00;70970,00;2566,00;32000,00;28530,00;1065,00;23000,00;5916,62;3620,00;10020,00;7,99;1054,00;20,42;5510,18;2787,00
29/12/2021;34700,00;810,00;290,00;32200,00;29920,00;22180,00;22500,00;11490,00;28200,00;13500,00;6160,00;9250,00;4150,00;190,00;42,51;4257,00;9600,00;2700,00;70330,00;2595,00;32000,00;28410,00;1059,00;23390,00;5916,62;3630,00;10000,00;7,99;1054,00;20,42;5510,18;2870,00
30/12/2021;34700,00;810,00;290,00;32000,00;30000,00;22250,00;22400,00;11490,00;28640,00;13550,00;6110,00;9300,00;4160,00;190,00;42,51;4184,00;9875,00;2690,00;70200,00;2500,00;31800,00;28600,00;1059,00;23200,00;5916,62;3635,00;10110,00;7,99;1054,00;20,42;5510,18;2860,00
31/12/2021;34700,00;810,00;290,00;32000,00;30000,00;22250,00;22400,00;11490,00;28640,00;13550,00;6110,00;9300,00;4160,00;190,00;42,51;4184,00;9875,00;2690,00;70200,00;2500,00;31800,00;28600,00;1059,00;23200,00;5916,62;3635,00;10110,00;7,99;1054,00;20,42;5510,18;2860,00
3/01/2022;34500,00;810,00;295,50;32120,00;29900,00;22300,00;22490,00;11490,00;28380,00;13500,00;6175,00;9300,00;4161,00;194,80;42,51;4218,00;9930,00;2720,00;70200,00;2532,00;32020,00;28830,00;1059,00;23340,00;5916,62;3660,00;10040,00;7,99;1030,00;20,42;5510,18;2955,00
4/01/2022;34840,00;810,00;300,00;32280,00;30200,00;22250,00;22600,00;11500,00;28350,00;13500,00;6240,00;9330,00;4185,00;195,90;42,51;4257,00;9900,00;2740,00;70500,00;2550,00;32300,00;29000,00;1063,00;23460,00;5916,62;3699,00;10430,00;7,99;1030,00;21,00;5510,18;3150,00
5/01/2022;34000,00;849,00;292,10;31450,00;28940,00;21800,00;22750,00;11330,00;28300,00;13350,00;6235,00;9510,00;4185,00;195,90;42,51;4270,00;9950,00;2660,00;70500,00;2521,00;31700,00;28980,00;1060,00;23490,00;5916,62;3665,00;10140,00;7,99;1050,00;21,00;5510,18;3060,00
6/01/2022;33860,00;835,00;282,00;31080,00;28690,00;20900,00;22620,00;11200,00;28500,00;12880,00;6050,00;9560,00;4050,00;190,00;42,51;4170,00;9680,00;2615,00;70310,00;2435,00;31000,00;28200,00;1036,00;23200,00;5916,62;3565,00;10040,00;7,99;1030,00;21,00;5510,18;3000,00
7/01/2022;34200,00;800,00;285,00;30940,00;29120,00;21200,00;21700,00;11200,00;30020,00;13650,00;6200,00;9690,00;4065,00;190,00;42,51;4150,00;9990,00;2651,00;72400,00;2480,00;31060,00;28870,00;1044,00;23200,00;5916,62;3570,00;10170,00;7,99;1030,00;21,00;5510,18;2852,00
11/01/2022;34800,00;800,00;290,00;31600,00;30420,00;21460,00;22400,00;11200,00;30100,00;13850,00;6310,00;9990,00;4090,00;190,00;42,51;4150,00;9920,00;2761,00;74000,00;2508,00;31500,00;28600,00;1044,00;23000,00;5916,62;3600,00;10100,00;8,08;1060,00;21,00;5510,18;2880,00
12/01/2022;35380,00;805,00;291,00;32650,00;31000,00;22800,00;22800,00;11450,00;30000,00;14400,00;6310,00;10780,00;4333,00;188,00;42,51;4220,00;10100,00;2790,00;71400,00;2580,00;32130,00;29080,00;1059,00;22900,00;5916,62;3600,00;10140,00;8,08;1100,00;21,00;5510,18;2900,00
13/01/2022;37600,00;827,00;294,00;33480,00;30220,00;23870,00;23100,00;11300,00;29020,00;14950,00;6290,00;11360,00;4351,00;188,00;42,51;4270,00;10000,00;2798,00;71410,00;2527,00;32310,00;28830,00;1083,00;22860,00;5916,62;3605,00;9990,00;8,16;1090,00;21,00;5510,18;3060,00
14/01/2022;36480,00;815,00;294,00;33200,00;27250,00;22700,00;22860,00;11300,00;27000,00;14220,00;6170,00;11000,00;4550,00;188,00;42,51;4153,00;10000,00;2801,00;70780,00;2475,00;31900,00;28630,00;1055,00;23000,00;5916,62;3605,00;10070,00;8,21;1058,00;21,00;5510,18;3017,00
17/01/2022;38310,00;889,00;299,90;35000,00;27250,00;26430,00;23950,00;11600,00;33600,00;15600,00;6450,00;12080,00;4790,00;186,00;42,51;4430,00;10370,00;2910,00;71610,00;2608,00;33300,00;29500,00;1115,00;24390,00;5916,62;3700,00;10180,00;8,65;1110,00;21,00;5510,18;3119,00
18/01/2022;42050,00;871,00;307,00;36000,00;27250,00;27430,00;24990,00;12020,00;33600,00;16510,00;6740,00;13200,00;4965,00;190,00;42,51;4790,00;11000,00;3010,00;76800,00;2699,00;34000,00;30090,00;1142,00;25000,00;5916,62;3798,00;10400,00;8,91;1156,00;22,60;5510,18;3220,00
19/01/2022;42200,00;846,90;311,80;36180,00;27250,00;27350,00;25100,00;12000,00;33600,00;16200,00;6750,00;12910,00;4970,00;186,10;42,51;4798,00;11000,00;2990,00;75500,00;2690,00;33550,00;30200,00;1144,00;24980,00;5916,62;3860,00;10320,00;8,91;1149,00;24,85;5510,18;3220,00
20/01/2022;40300,00;830,00;305,70;34900,00;27250,00;27000,00;24900,00;11600,00;33600,00;16350,00;6580,00;12500,00;4825,00;190,00;42,51;4695,00;11000,00;2906,00;75500,00;2607,00;32500,00;29760,00;1130,00;24800,00;5916,62;3850,00;10200,00;9,12;1130,00;24,80;5510,18;3190,00
21/01/2022;40300,00;830,00;305,70;34900,00;27250,00;27000,00;24900,00;11600,00;33600,00;16350,00;6580,00;12500,00;4825,00;190,00;42,51;4695,00;11000,00;2906,00;75500,00;2607,00;32500,00;29760,00;1130,00;24800,00;5916,62;3850,00;10200,00;9,12;1130,00;24,80;5510,18;3190,00
24/01/2022;40000,00;825,00;303,00;34450,00;27250,00;27000,00;24200,00;11800,00;33600,00;15790,00;6445,00;11950,00;4672,00;187,00;42,51;4469,00;10780,00;2824,00;76100,00;2605,00;32300,00;29950,00;1105,00;24750,00;5916,62;3785,00;10040,00;9,08;1078,00;27,28;5510,18;3200,00
25/01/2022;39800,00;825,00;303,00;34590,00;27250,00;27100,00;23800,00;11900,00;33600,00;15620,00;6445,00;11950,00;4700,00;187,00;42,51;4439,00;10740,00;2895,00;76780,00;2639,00;32470,00;30180,00;1100,00;24750,00;5916,62;3790,00;10040,00;9,23;1082,00;26,20;5510,18;3200,00
26/01/2022;39000,00;840,00;315,00;34380,00;27250,00;27610,00;23810,00;11800,00;33600,00;15590,00;6335,00;11950,00;4682,00;187,00;42,51;4366,00;10960,00;2891,00;75030,00;2650,00;32400,00;30000,00;1115,00;24650,00;5916,62;3775,00;9910,00;9,26;1119,00;27,20;5510,18;3200,00
27/01/2022;39100,00;825,10;315,00;34200,00;27250,00;27880,00;23640,00;11720,00;33600,00;15640,00;6325,00;11810,00;4620,00;189,90;42,51;4322,00;11000,00;2905,00;75500,00;2650,00;32310,00;29800,00;1113,00;24680,00;5916,62;3790,00;10000,00;9,27;1119,00;27,24;5510,18;3250,00
28/01/2022;39610,00;830,00;350,00;35200,00;27250,00;28110,00;23600,00;11930,00;33600,00;15900,00;6360,00;11840,00;4600,00;190,00;42,51;4360,00;10890,00;2886,00;75500,00;2650,00;32690,00;29700,00;1110,00;24260,00;5916,62;3760,00;9925,00;9,50;1119,00;27,18;5510,18;3220,00
31/01/2022;39500,00;816,00;355,00;35240,00;27250,00;28740,00;23600,00;11950,00;33600,00;16140,00;6480,00;11800,00;4602,00;189,90;42,51;4387,00;10930,00;2905,00;76800,00;2620,00;33300,00;29770,00;1127,00;24300,00;6444,77;3750,00;10360,00;9,67;1124,00;27,18;5510,18;3200,00
1/02/2022;39010,00;816,00;346,00;34670,00;36420,00;27400,00;22920,00;11800,00;40680,00;15510,00;6270,00;11500,00;4551,00;187,00;42,51;4305,00;10930,00;2882,00;77600,00;2590,00;32540,00;29420,00;1104,00;24000,00;6444,77;3725,00;10180,00;9,81;1145,00;27,19;5510,18;3170,00
2/02/2022;39200,00;816,00;345,00;34940,00;36390,00;26580,00;22410,00;11680,00;40400,00;15300,00;6400,00;11030,00;4500,00;186,00;42,51;4252,00;10850,00;2889,00;75030,00;2557,00;32000,00;29110,00;1095,00;24170,00;6444,77;3675,00;10180,00;9,50;1100,00;26,21;5510,18;3170,00
3/02/2022;39000,00;816,00;335,00;34960,00;35360,00;25700,00;22070,00;11650,00;40740,00;14960,00;6340,00;10750,00;4431,00;186,00;42,51;4290,00;10590,00;2838,00;75700,00;2530,00;31820,00;29500,00;1100,00;23600,00;6444,77;3727,00;10130,00;9,53;1100,00;26,80;5510,18;3219,00
4/02/2022;38990,00;816,00;335,00;34710,00;36770,00;25300,00;22550,00;11690,00;40860,00;14430,00;6300,00;10540,00;4340,00;183,10;42,51;4260,00;10560,00;2901,00;76980,00;2580,00;31750,00;29320,00;1097,00;23410,00;6444,77;3700,00;10050,00;9,59;1100,00;26,20;4493,73;3130,00
7/02/2022;38900,00;800,00;330,00;35500,00;37200,00;25800,00;22750,00;11690,00;40690,00;14230,00;6315,00;10760,00;4306,00;183,10;42,51;4320,00;10650,00;2934,00;76030,00;2580,00;31990,00;29400,00;1092,00;23500,00;6444,77;3709,00;10040,00;9,99;1100,00;26,20;4479,92;3130,00
8/02/2022;38900,00;800,00;330,00;35500,00;37200,00;25800,00;22750,00;11690,00;40690,00;14230,00;6315,00;10760,00;4306,00;183,10;42,51;4320,00;10650,00;2934,00;76030,00;2580,00;31990,00;29400,00;1092,00;23500,00;6444,77;3709,00;10040,00;9,99;1100,00;26,20;4479,92;3130,00
8/02/2022;;;;;;;;;;;;;;;;NaN;;;;;;;;;NaN;NaN;NaN;NaN;NaN;NaN;NaN;
9/02/2022;37970,00;800,00;321,10;34670,00;36800,00;24800,00;22150,00;11690,00;40750,00;13910,00;6255,00;10630,00;4250,00;187,40;42,51;4277,00;10700,00;2899,00;76260,00;2550,00;31530,00;29250,00;1086,00;23500,00;6444,77;3610,00;10050,00;10,00;1100,00;26,05;4479,92;3340,00
10/02/2022;36380,00;800,00;311,00;33800,00;36690,00;23710,00;21400,00;11690,00;40610,00;13330,00;6165,00;10170,00;4240,00;187,40;42,51;4250,00;10160,00;2850,00;76000,00;2507,00;31400,00;28850,00;1080,00;22820,00;6444,77;3540,00;9820,00;10,00;1100,00;25,80;4479,92;3165,00
11/02/2022;36700,00;800,00;310,00;33200,00;36620,00;23520,00;22700,00;11690,00;40680,00;13690,00;6200,00;10000,00;4205,00;187,40;42,51;4272,00;10200,00;2972,00;76000,00;2526,00;31730,00;29000,00;1078,00;22850,00;6444,77;3570,00;10060,00;10,00;1100,00;27,00;4479,92;3110,00
14/02/2022;37500,00;800,00;313,00;33330,00;35900,00;22800,00;22100,00;11570,00;40700,00;13350,00;6155,00;9800,00;4200,00;188,00;42,51;4220,00;10050,00;2946,00;75030,00;2490,00;31760,00;28730,00;1060,00;22800,00;6444,77;3500,00;9895,00;10,00;1100,00;27,13;4479,92;3080,00
15/02/2022;37990,00;800,00;315,00;33690,00;36180,00;22800,00;22800,00;11220,00;40520,00;13250,00;6060,00;9805,00;4200,00;180,60;42,51;4206,00;10270,00;2918,00;74970,00;2488,00;31890,00;28420,00;1071,00;22600,00;6444,77;3500,00;9840,00;9,99;1080,00;27,13;4479,92;3080,00
16/02/2022;38120,00;800,00;318,70;34290,00;36500,00;22600,00;23040,00;11480,00;40620,00;13220,00;6240,00;9800,00;4292,00;184,50;42,51;4200,00;10300,00;3017,00;74500,00;2485,00;31530,00;28110,00;1093,00;22620,00;6444,77;3520,00;10050,00;10,00;1096,00;26,10;4479,92;3080,00
17/02/2022;37920,00;800,00;321,00;33960,00;36470,00;22700,00;23280,00;11400,00;40570,00;13550,00;6355,00;9950,00;4286,00;184,00;42,51;4236,00;10390,00;3015,00;75800,00;2474,00;30930,00;28470,00;1084,00;22600,00;6444,77;3500,00;10020,00;9,92;1100,00;26,20;4479,92;3100,00
18/02/2022;37060,00;800,00;335,00;33650,00;35800,00;22400,00;23200,00;12000,00;40530,00;13480,00;6380,00;9710,00;4240,00;182,00;42,51;4211,00;10390,00;2997,00;75560,00;2488,00;31490,00;28160,00;1084,00;22670,00;6444,77;3550,00;10050,00;9,41;1050,00;26,20;4479,92;3020,00
21/02/2022;37290,00;750,00;315,20;33580,00;35800,00;22800,00;23450,00;11970,00;40610,00;13130,00;6350,00;9710,00;4250,00;182,00;42,51;4189,00;10080,00;3009,00;74970,00;2482,00;31390,00;28230,00;1081,00;22670,00;6444,77;3581,00;9920,00;9,52;1083,00;26,20;4479,92;3050,00
22/02/2022;36900,00;750,00;328,00;33700,00;35800,00;22940,00;23330,00;14450,00;40800,00;13400,00;6230,00;9740,00;4250,00;182,00;42,51;4180,00;10250,00;3025,00;73070,00;2458,00;30660,00;28240,00;1073,00;22650,00;6444,77;3561,00;9905,00;9,52;1080,00;26,20;4479,92;3050,00
23/02/2022;38570,00;750,00;330,00;34500,00;36000,00;23100,00;23600,00;14500,00;40800,00;13100,00;6275,00;9700,00;4230,00;182,00;42,51;4160,00;10400,00;3054,00;74450,00;2471,00;31790,00;28190,00;1068,00;22650,00;6444,77;3615,00;9850,00;9,90;1059,00;26,20;4479,92;3050,00
24/02/2022;38990,00;750,00;325,00;34180,00;36280,00;23000,00;24000,00;14480,00;40790,00;13320,00;6150,00;9500,00;4151,00;182,00;42,51;4140,00;10200,00;3056,00;73500,00;2430,00;31980,00;27700,00;1069,00;22690,00;6444,77;3620,00;9900,00;9,20;1059,00;26,20;4479,92;2935,00
25/02/2022;39240,00;775,00;328,00;34600,00;35500,00;22600,00;24400,00;15230,00;40200,00;13460,00;6125,00;9655,00;4200,00;182,00;42,51;4200,00;10010,00;3064,00;73700,00;2441,00;31900,00;27700,00;1075,00;22900,00;6444,77;3650,00;9865,00;9,88;1063,00;26,20;4479,92;3000,00
28/02/2022;39040,00;750,30;327,00;34800,00;31950,00;23050,00;24300,00;15100,00;44220,00;12900,00;6070,00;9690,00;4199,00;180,00;42,51;4180,00;10000,00;3263,00;72190,00;2450,00;32000,00;27700,00;1060,00;22810,00;6406,32;3620,00;9835,00;9,88;1065,00;26,20;4479,92;2900,00
1/03/2022;39890,00;750,30;320,00;35950,00;31950,00;23000,00;23980,00;15250,00;44220,00;13350,00;6175,00;9710,00;4275,00;182,30;42,51;4166,00;10000,00;3239,00;71900,00;2455,00;32000,00;27800,00;1060,00;22800,00;6406,32;3580,00;10000,00;9,88;1052,00;26,20;4479,92;2900,00
2/03/2022;39850,00;750,30;323,00;36000,00;31950,00;22500,00;23800,00;15480,00;44220,00;13300,00;6185,00;9650,00;4200,00;182,30;42,51;4152,00;9950,00;3176,00;71890,00;2440,00;32090,00;27500,00;1065,00;22800,00;6406,32;3520,00;10050,00;9,00;1052,00;26,20;4479,92;2900,00
3/03/2022;39990,00;790,00;317,00;35880,00;31950,00;22700,00;23770,00;15170,00;44220,00;13300,00;6145,00;9610,00;4170,00;192,00;42,51;4150,00;9710,00;3204,00;72950,00;2478,00;32200,00;27400,00;1081,00;22800,00;6406,32;3520,00;9990,00;9,70;1090,00;26,20;4479,92;2950,00
4/03/2022;40000,00;790,00;319,00;36130,00;31950,00;22600,00;23270,00;15400,00;44220,00;13280,00;6125,00;9600,00;4152,00;192,00;42,51;4160,00;9710,00;3340,00;72440,00;2460,00;32000,00;27800,00;1070,00;22560,00;6406,32;3519,00;10300,00;9,50;1071,00;26,20;4479,92;2950,00
7/03/2022;39600,00;790,00;317,50;35370,00;31950,00;22620,00;23100,00;15400,00;44220,00;13300,00;6085,00;9400,00;4060,00;192,00;42,51;4225,00;10000,00;3400,00;72950,00;2470,00;32000,00;27690,00;1060,00;22900,00;6406,32;3500,00;10500,00;9,20;1071,00;26,83;4479,92;2910,00
8/03/2022;39000,00;790,00;314,00;35600,00;31950,00;22780,00;23110,00;15410,00;44220,00;13350,00;6040,00;9410,00;4005,00;192,00;42,51;4257,00;9700,00;3390,00;72000,00;2470,00;32020,00;27730,00;1064,00;22550,00;6406,32;3517,00;10250,00;9,70;1071,00;26,50;4479,92;2940,00
9/03/2022;39080,00;750,00;314,00;36400,00;31950,00;22730,00;23970,00;17200,00;44220,00;13360,00;5980,00;9410,00;4060,00;191,00;42,51;4310,00;9640,00;3271,00;72890,00;2505,00;31610,00;27660,00;1046,00;22550,00;6406,32;3495,00;10030,00;9,70;1071,00;26,78;4479,92;2900,00
10/03/2022;39300,00;750,10;309,00;36190,00;31950,00;22900,00;23350,00;17000,00;44220,00;13340,00;6035,00;9250,00;4029,00;184,50;42,51;4260,00;9610,00;3358,00;71140,00;2495,00;31270,00;27300,00;1032,00;22550,00;6406,32;3474,00;9920,00;9,00;1071,00;26,70;4479,92;2900,00
11/03/2022;39180,00;750,00;309,10;36200,00;31950,00;22560,00;23450,00;17350,00;44220,00;13350,00;6100,00;9350,00;4070,00;182,00;42,51;4300,00;9625,00;3400,00;71300,00;2520,00;31280,00;27600,00;1044,00;22640,00;6406,32;3430,00;9965,00;9,00;1036,00;25,52;4479,92;2855,00
14/03/2022;38310,00;750,00;305,00;35700,00;31950,00;22610,00;23000,00;17500,00;44220,00;13180,00;5995,00;9300,00;4050,00;187,50;42,51;4260,00;9625,00;3207,00;71900,00;2470,00;30700,00;27700,00;1032,00;22900,00;6406,32;3412,00;9700,00;9,01;1075,00;25,52;4479,92;2855,00
15/03/2022;38200,00;750,00;304,00;35470,00;31950,00;22690,00;23300,00;17300,00;44220,00;13250,00;6085,00;9200,00;4047,00;187,50;42,51;4388,00;9900,00;3200,00;71490,00;2515,00;30820,00;27890,00;1030,00;22880,00;6406,32;3365,00;9540,00;9,01;1075,00;25,52;4479,92;2800,00
16/03/2022;38850,00;734,90;306,00;35950,00;31950,00;22650,00;23480,00;17300,00;44220,00;13350,00;6090,00;9170,00;4090,00;181,00;42,51;4325,00;9990,00;3180,00;70140,00;2512,00;31230,00;28300,00;1026,00;22960,00;6406,32;3365,00;9600,00;9,01;1075,00;25,52;4479,92;2800,00
17/03/2022;39100,00;734,90;305,00;36200,00;31950,00;22680,00;23600,00;17600,00;44220,00;13460,00;6130,00;9160,00;4042,00;181,00;42,51;4310,00;9980,00;3335,00;68560,00;2480,00;31600,00;28390,00;1018,00;22960,00;6406,32;3382,00;9730,00;9,00;1000,00;25,52;4479,92;2800,00
18/03/2022;39670,00;734,90;301,00;36540,00;31950,00;21900,00;23650,00;17300,00;44220,00;13020,00;5970,00;9200,00;4060,00;182,20;42,51;4360,00;9730,00;3270,00;68200,00;2510,00;32800,00;27990,00;1006,00;23000,00;6406,32;3375,00;9640,00;9,00;1000,00;25,80;4479,92;2800,00
21/03/2022;39670,00;734,90;301,00;36540,00;31950,00;21900,00;23650,00;17300,00;44220,00;13020,00;5970,00;9200,00;4060,00;182,20;42,51;4360,00;9730,00;3270,00;68200,00;2510,00;32800,00;27990,00;1006,00;23000,00;6406,32;3375,00;9640,00;9,00;1000,00;25,80;4479,92;2800,00
22/03/2022;40200,00;734,90;301,00;37440,00;31950,00;22360,00;24000,00;17300,00;44220,00;13050,00;6035,00;9200,00;4100,00;182,20;42,51;4326,00;9770,00;3359,00;68200,00;2490,00;32400,00;28000,00;1006,00;22870,00;6406,32;3373,00;9530,00;9,00;1000,00;24,50;4479,92;2800,00
23/03/2022;41500,00;734,90;300,00;39100,00;31950,00;22800,00;23900,00;17500,00;44220,00;13110,00;6115,00;9200,00;4100,00;182,20;42,51;4395,00;9770,00;3530,00;68200,00;2490,00;32700,00;27900,00;1006,00;22800,00;6406,32;3390,00;9610,00;9,00;1000,00;24,50;4479,92;2800,00
24/03/2022;41900,00;734,90;308,90;39000,00;31950,00;23300,00;23900,00;17500,00;44220,00;13530,00;6190,00;9360,00;4126,00;182,20;42,51;4378,00;9800,00;3535,00;68200,00;2481,00;33080,00;28200,00;1006,00;22930,00;6406,32;3390,00;9600,00;9,00;1000,00;25,00;4479,92;2800,00
25/03/2022;42240,00;734,90;310,00;39410,00;31950,00;23090,00;24500,00;17220,00;44220,00;14290,00;6280,00;9440,00;4100,00;182,00;42,51;4395,00;9770,00;3590,00;68200,00;2455,00;32990,00;28000,00;1006,00;23250,00;6406,32;3400,00;9800,00;9,00;1000,00;25,00;4479,92;2800,00
28/03/2022;42300,00;734,90;310,00;39410,00;31950,00;23140,00;24340,00;17000,00;44220,00;14170,00;6230,00;9400,00;4100,00;182,00;42,51;4400,00;9780,00;3500,00;68200,00;2476,00;33200,00;28190,00;1006,00;23120,00;6406,32;3390,00;9700,00;9,00;1000,00;25,00;4479,92;2780,00
29/03/2022;42360,00;700,00;309,00;39200,00;31950,00;23280,00;24640,00;17000,00;44220,00;14320,00;6235,00;9440,00;4089,00;182,00;42,51;4400,00;9770,00;3479,00;68200,00;2476,00;33250,00;28260,00;1006,00;23250,00;6406,32;3410,00;9740,00;9,00;1000,00;24,00;4479,92;2710,00
30/03/2022;41800,00;720,00;309,00;39200,00;35500,00;22900,00;24160,00;17000,00;46500,00;13900,00;6120,00;9300,00;4089,00;182,00;42,51;4428,00;9660,00;3517,00;51000,00;2485,00;32820,00;28170,00;850,00;22850,00;6406,32;3410,00;9650,00;9,00;1000,00;24,00;4479,92;2710,00
31/03/2022;43380,00;700,00;317,20;40310,00;35620,00;22300,00;24300,00;16950,00;45800,00;13880,00;6230,00;9400,00;4100,00;181,00;42,51;4360,00;9400,00;3538,00;49650,00;2470,00;32950,00;28080,00;851,60;22850,00;6776,71;3442,00;9585,00;9,00;964,80;24,00;4479,92;2720,00
1/04/2022;43610,00;699,00;318,00;40500,00;36300,00;22400,00;24900,00;16920,00;46500,00;13980,00;6330,00;9400,00;4150,00;184,90;42,51;4403,00;9400,00;3530,00;50200,00;2464,00;33380,00;27970,00;854,40;23000,00;6776,71;3442,00;9535,00;9,00;964,80;24,00;4479,92;2700,00
4/04/2022;43400,00;699,00;320,00;39390,00;35880,00;22100,00;24680,00;16890,00;46600,00;14320,00;6300,00;9440,00;4080,00;184,90;42,51;4400,00;9620,00;3534,00;50790,00;2480,00;33390,00;28250,00;854,80;23000,00;6776,71;3420,00;9380,00;8,31;964,80;24,00;4479,92;2560,00
5/04/2022;43800,00;718,40;319,90;40080,00;35990,00;22100,00;24680,00;16530,00;47180,00;14440,00;6350,00;9400,00;4080,00;184,90;42,51;4400,00;9600,00;3607,00;51100,00;2490,00;33900,00;28100,00;855,00;23480,00;6776,71;3423,00;9380,00;8,40;964,80;23,62;4629,77;2725,00
6/04/2022;43380,00;718,40;322,10;40090,00;36060,00;21790,00;24600,00;16530,00;46800,00;14560,00;6400,00;9430,00;4064,00;184,60;42,51;4381,00;9645,00;3543,00;53000,00;2480,00;33910,00;28010,00;850,00;23010,00;6776,71;3351,00;9360,00;8,40;868,40;23,62;4629,77;2651,00
7/04/2022;43800,00;718,40;318,00;40200,00;36020,00;21650,00;24000,00;16740,00;45860,00;14500,00;6450,00;9290,00;4073,00;184,60;42,51;4366,00;9400,00;3610,00;53000,00;2505,00;34000,00;28150,00;850,00;22940,00;6776,71;3410,00;9420,00;8,40;849,00;23,62;4629,77;2651,00
8/04/2022;42550,00;720,00;320,00;40300,00;35800,00;21540,00;24290,00;16700,00;45800,00;14700,00;6600,00;9370,00;4020,00;184,60;42,51;4380,00;9355,00;3570,00;53000,00;2485,00;34800,00;28290,00;852,00;22850,00;6776,71;3395,00;9420,00;8,40;855,00;23,62;3455,57;2651,00
11/04/2022;43800,00;720,00;320,00;40490,00;36100,00;21600,00;24900,00;16370,00;46230,00;14540,00;6430,00;9330,00;4050,00;184,60;42,51;4380,00;9565,00;3527,00;53600,00;2475,00;34600,00;28100,00;840,00;22910,00;6776,71;3370,00;9310,00;8,48;847,00;24,65;3455,57;2750,00
12/04/2022;42790,00;705,00;318,10;40350,00;36000,00;21740,00;24900,00;16500,00;45800,00;14240,00;6490,00;9180,00;4059,00;182,90;42,51;4366,00;9265,00;3580,00;54800,00;2465,00;34480,00;28080,00;827,00;22800,00;6776,71;3345,00;9310,00;8,48;840,20;25,00;3455,57;2799,00
13/04/2022;43700,00;705,00;314,00;40680,00;35830,00;21740,00;24900,00;16500,00;46190,00;14500,00;6450,00;9180,00;4048,00;182,90;42,51;4365,00;9350,00;3346,00;52100,00;2480,00;34480,00;28140,00;822,00;22800,00;6776,71;3340,00;9300,00;8,48;840,20;24,90;3455,57;2800,00
14/04/2022;43700,00;705,00;314,00;40680,00;35830,00;21740,00;24900,00;16500,00;46190,00;14500,00;6450,00;9180,00;4048,00;182,90;42,51;4365,00;9350,00;3346,00;52100,00;2480,00;34480,00;28140,00;822,00;22800,00;6776,71;3340,00;9300,00;8,48;840,20;24,90;3455,57;2800,00
15/04/2022;43700,00;705,00;314,00;40680,00;35830,00;21740,00;24900,00;16500,00;46190,00;14500,00;6450,00;9180,00;4048,00;182,90;42,51;4365,00;9350,00;3346,00;52100,00;2480,00;34480,00;28140,00;822,00;22800,00;6776,71;3340,00;9300,00;8,48;840,20;24,90;3455,57;2800,00
15/04/2022;0,00;0,00;0,00;0,00;0,00;0,00;0,00;0,00;0,00;0,00;0,00;0,00;0,00;0,00;0,00;0,00;0,00;0,00;0,00;0,00;0,00;0,00;0,00;0,00;0,00;0,00;0,00;0,00;0,00;0,00;0,00;0,00
18/04/2022;43250,00;705,00;318,00;40490,00;36390,00;21720,00;24400,00;16500,00;46090,00;14380,00;6320,00;9200,00;4013,00;180,00;42,51;4271,00;9515,00;3333,00;52390,00;2470,00;34050,00;27810,00;811,00;22840,00;6776,71;3369,00;9300,00;8,48;840,20;24,90;3455,57;2800,00
19/04/2022;43000,00;705,00;314,00;40110,00;36400,00;21800,00;24650,00;16510,00;46060,00;14420,00;6265,00;9100,00;4000,00;180,00;42,51;4300,00;9480,00;3349,00;52300,00;2510,00;33400,00;28110,00;810,00;23000,00;6776,71;3350,00;9280,00;8,48;805,00;24,90;3455,57;2800,00
20/04/2022;44500,00;705,00;312,00;40980,00;36680,00;22080,00;24750,00;16600,00;46060,00;14450,00;6300,00;9160,00;3989,00;180,00;42,51;4270,00;9595,00;3399,00;52500,00;2560,00;33200,00;28200,00;814,00;23220,00;6776,71;3355,00;9420,00;9,00;805,00;24,00;3455,57;2800,00
21/04/2022;43000,00;705,00;312,00;40470,00;36800,00;21850,00;24490,00;16540,00;46900,00;14350,00;6230,00;9165,00;4011,00;180,00;42,51;4261,00;9595,00;3314,00;52100,00;2556,00;33100,00;28250,00;820,00;23490,00;6776,71;3340,00;9240,00;9,00;820,90;24,00;3455,57;2800,00
22/04/2022;43300,00;705,00;312,00;39600,00;36810,00;21800,00;23870,00;16700,00;47340,00;14350,00;6200,00;9085,00;4012,00;180,00;42,51;4270,00;9635,00;3355,00;51880,00;2607,00;33300,00;28800,00;825,00;23490,00;6776,71;3364,00;9320,00;9,30;820,90;23,00;3455,57;2803,00
25/04/2022;41000,00;705,00;310,00;38500,00;35500,00;21600,00;22320,00;16500,00;48150,00;14350,00;6100,00;9100,00;4000,00;180,00;42,51;4290,00;9300,00;3280,00;50500,00;2580,00;32500,00;28970,00;824,10;23700,00;6776,71;3325,00;9160,00;8,60;838,50;23,00;3455,57;2814,00
26/04/2022;40900,00;705,00;306,10;38600,00;37500,00;21240,00;22450,00;16500,00;48100,00;14300,00;6010,00;9005,00;3931,00;177,00;42,51;4300,00;9450,00;3246,00;51500,00;2542,00;33200,00;29000,00;836,00;23870,00;6776,71;3250,00;9040,00;8,60;832,00;23,00;3455,57;2694,00
27/04/2022;41900,00;705,00;302,00;39250,00;38700,00;21240,00;22450,00;16300,00;48480,00;14300,00;6025,00;9000,00;3830,00;177,00;42,51;4290,00;9360,00;3280,00;50110,00;2495,00;33200,00;28910,00;845,00;23900,00;6776,71;3235,00;9020,00;8,60;829,00;24,00;3455,57;2695,00
28/04/2022;42000,00;705,00;305,90;39120,00;41000,00;21800,00;22000,00;16300,00;48500,00;14460,00;6005,00;9080,00;3880,00;177,00;42,51;4352,00;9415,00;3320,00;50470,00;2490,00;33680,00;29140,00;850,00;23800,00;6776,71;3215,00;9020,00;8,60;840,00;24,00;3455,57;2830,00
29/04/2022;38820,00;705,00;310,00;38400,00;40100,00;21910,00;21760,00;16250,00;48500,00;14400,00;6005,00;9060,00;3930,00;177,00;42,51;4270,00;9545,00;3206,00;50470,00;2520,00;33200,00;29000,00;850,00;23860,00;6551,87;3245,00;8880,00;8,65;843,00;24,00;3455,57;2750,00
2/05/2022;41150,00;705,00;306,00;38400,00;41000,00;21790,00;22400,00;16400,00;49950,00;14390,00;6155,00;9000,00;3936,00;175,00;42,51;4200,00;9490,00;3252,00;50400,00;2516,00;34000,00;29170,00;830,00;24000,00;6551,87;3120,00;8700,00;8,80;831,00;24,00;3455,57;2750,00
3/05/2022;41150,00;705,00;306,00;38400,00;41000,00;21790,00;22400,00;16400,00;49950,00;14390,00;6155,00;9000,00;3936,00;175,00;42,51;4200,00;9490,00;3252,00;50400,00;2516,00;34000,00;29170,00;830,00;24000,00;6551,87;3120,00;8700,00;8,80;831,00;24,00;3455,57;2750,00
